0 Ayasofya - Hagia Sophia / 48 x 48 stud architectural model
0 Name: ayasofya.ldr
0 Author: Custom design for Said Surucu
0 !LDRAW_ORG Model
0 !LICENSE Redistributable under CC BY 4.0 : see README.md
0 // Upright official parts only. Digital connection checks are not physical strength certification.
0 // Build on a flat table; early base plates are tied together by the next layer.
0 // Layer bottom 0 plates / 0 mm
1 0 -440 -8 -400 0 0 1 0 1 0 -1 0 0 3035.dat
1 0 -360 -8 -400 0 0 1 0 1 0 -1 0 0 3035.dat
1 0 -280 -8 -400 0 0 1 0 1 0 -1 0 0 3035.dat
1 0 -200 -8 -400 0 0 1 0 1 0 -1 0 0 3035.dat
1 0 -120 -8 -400 0 0 1 0 1 0 -1 0 0 3035.dat
1 0 -40 -8 -400 0 0 1 0 1 0 -1 0 0 3035.dat
1 0 40 -8 -400 0 0 1 0 1 0 -1 0 0 3035.dat
1 0 120 -8 -400 0 0 1 0 1 0 -1 0 0 3035.dat
1 0 200 -8 -400 0 0 1 0 1 0 -1 0 0 3035.dat
1 0 280 -8 -400 0 0 1 0 1 0 -1 0 0 3035.dat
1 0 360 -8 -400 0 0 1 0 1 0 -1 0 0 3035.dat
1 0 440 -8 -400 0 0 1 0 1 0 -1 0 0 3035.dat
1 0 -440 -8 -240 0 0 1 0 1 0 -1 0 0 3035.dat
1 0 -360 -8 -240 0 0 1 0 1 0 -1 0 0 3035.dat
1 0 -280 -8 -240 0 0 1 0 1 0 -1 0 0 3035.dat
1 0 -200 -8 -240 0 0 1 0 1 0 -1 0 0 3035.dat
1 0 -120 -8 -240 0 0 1 0 1 0 -1 0 0 3035.dat
1 0 -40 -8 -240 0 0 1 0 1 0 -1 0 0 3035.dat
1 0 40 -8 -240 0 0 1 0 1 0 -1 0 0 3035.dat
1 0 120 -8 -240 0 0 1 0 1 0 -1 0 0 3035.dat
1 0 200 -8 -240 0 0 1 0 1 0 -1 0 0 3035.dat
1 0 280 -8 -240 0 0 1 0 1 0 -1 0 0 3035.dat
1 0 360 -8 -240 0 0 1 0 1 0 -1 0 0 3035.dat
1 0 440 -8 -240 0 0 1 0 1 0 -1 0 0 3035.dat
1 0 -440 -8 -80 0 0 1 0 1 0 -1 0 0 3035.dat
1 0 -360 -8 -80 0 0 1 0 1 0 -1 0 0 3035.dat
1 0 -280 -8 -80 0 0 1 0 1 0 -1 0 0 3035.dat
1 0 -200 -8 -80 0 0 1 0 1 0 -1 0 0 3035.dat
1 0 -120 -8 -80 0 0 1 0 1 0 -1 0 0 3035.dat
1 0 -40 -8 -80 0 0 1 0 1 0 -1 0 0 3035.dat
1 0 40 -8 -80 0 0 1 0 1 0 -1 0 0 3035.dat
1 0 120 -8 -80 0 0 1 0 1 0 -1 0 0 3035.dat
1 0 200 -8 -80 0 0 1 0 1 0 -1 0 0 3035.dat
1 0 280 -8 -80 0 0 1 0 1 0 -1 0 0 3035.dat
1 0 360 -8 -80 0 0 1 0 1 0 -1 0 0 3035.dat
1 0 440 -8 -80 0 0 1 0 1 0 -1 0 0 3035.dat
1 0 -440 -8 80 0 0 1 0 1 0 -1 0 0 3035.dat
1 0 -360 -8 80 0 0 1 0 1 0 -1 0 0 3035.dat
1 0 -280 -8 80 0 0 1 0 1 0 -1 0 0 3035.dat
1 0 -200 -8 80 0 0 1 0 1 0 -1 0 0 3035.dat
1 0 -120 -8 80 0 0 1 0 1 0 -1 0 0 3035.dat
1 0 -40 -8 80 0 0 1 0 1 0 -1 0 0 3035.dat
1 0 40 -8 80 0 0 1 0 1 0 -1 0 0 3035.dat
1 0 120 -8 80 0 0 1 0 1 0 -1 0 0 3035.dat
1 0 200 -8 80 0 0 1 0 1 0 -1 0 0 3035.dat
1 0 280 -8 80 0 0 1 0 1 0 -1 0 0 3035.dat
1 0 360 -8 80 0 0 1 0 1 0 -1 0 0 3035.dat
1 0 440 -8 80 0 0 1 0 1 0 -1 0 0 3035.dat
1 0 -440 -8 240 0 0 1 0 1 0 -1 0 0 3035.dat
1 0 -360 -8 240 0 0 1 0 1 0 -1 0 0 3035.dat
1 0 -280 -8 240 0 0 1 0 1 0 -1 0 0 3035.dat
1 0 -200 -8 240 0 0 1 0 1 0 -1 0 0 3035.dat
1 0 -120 -8 240 0 0 1 0 1 0 -1 0 0 3035.dat
1 0 -40 -8 240 0 0 1 0 1 0 -1 0 0 3035.dat
1 0 40 -8 240 0 0 1 0 1 0 -1 0 0 3035.dat
1 0 120 -8 240 0 0 1 0 1 0 -1 0 0 3035.dat
1 0 200 -8 240 0 0 1 0 1 0 -1 0 0 3035.dat
1 0 280 -8 240 0 0 1 0 1 0 -1 0 0 3035.dat
1 0 360 -8 240 0 0 1 0 1 0 -1 0 0 3035.dat
1 0 440 -8 240 0 0 1 0 1 0 -1 0 0 3035.dat
1 0 -440 -8 400 0 0 1 0 1 0 -1 0 0 3035.dat
1 0 -360 -8 400 0 0 1 0 1 0 -1 0 0 3035.dat
1 0 -280 -8 400 0 0 1 0 1 0 -1 0 0 3035.dat
1 0 -200 -8 400 0 0 1 0 1 0 -1 0 0 3035.dat
1 0 -120 -8 400 0 0 1 0 1 0 -1 0 0 3035.dat
1 0 -40 -8 400 0 0 1 0 1 0 -1 0 0 3035.dat
1 0 40 -8 400 0 0 1 0 1 0 -1 0 0 3035.dat
1 0 120 -8 400 0 0 1 0 1 0 -1 0 0 3035.dat
1 0 200 -8 400 0 0 1 0 1 0 -1 0 0 3035.dat
1 0 280 -8 400 0 0 1 0 1 0 -1 0 0 3035.dat
1 0 360 -8 400 0 0 1 0 1 0 -1 0 0 3035.dat
1 0 440 -8 400 0 0 1 0 1 0 -1 0 0 3035.dat
0 STEP
0 // Layer bottom 1 plates / 3.2 mm
1 0 -460 -16 -460 1 0 0 0 1 0 0 0 1 3022.dat
1 0 -360 -16 -460 1 0 0 0 1 0 0 0 1 3034.dat
1 0 -200 -16 -460 1 0 0 0 1 0 0 0 1 3034.dat
1 0 -40 -16 -460 1 0 0 0 1 0 0 0 1 3034.dat
1 0 120 -16 -460 1 0 0 0 1 0 0 0 1 3034.dat
1 0 280 -16 -460 1 0 0 0 1 0 0 0 1 3034.dat
1 0 400 -16 -460 1 0 0 0 1 0 0 0 1 3020.dat
1 0 460 -16 -460 1 0 0 0 1 0 0 0 1 3022.dat
1 0 -460 -16 -400 0 0 1 0 1 0 -1 0 0 3020.dat
1 0 -360 -16 -400 1 0 0 0 1 0 0 0 1 3035.dat
1 0 -200 -16 -400 1 0 0 0 1 0 0 0 1 3035.dat
1 0 -40 -16 -400 1 0 0 0 1 0 0 0 1 3035.dat
1 0 120 -16 -400 1 0 0 0 1 0 0 0 1 3035.dat
1 0 280 -16 -400 1 0 0 0 1 0 0 0 1 3035.dat
1 0 400 -16 -400 1 0 0 0 1 0 0 0 1 3031.dat
1 0 460 -16 -400 0 0 1 0 1 0 -1 0 0 3020.dat
1 0 -460 -16 -320 0 0 1 0 1 0 -1 0 0 3020.dat
1 0 -360 -16 -320 1 0 0 0 1 0 0 0 1 3035.dat
1 0 -200 -16 -320 1 0 0 0 1 0 0 0 1 3035.dat
1 0 -40 -16 -320 1 0 0 0 1 0 0 0 1 3035.dat
1 0 120 -16 -320 1 0 0 0 1 0 0 0 1 3035.dat
1 0 280 -16 -320 1 0 0 0 1 0 0 0 1 3035.dat
1 0 400 -16 -320 1 0 0 0 1 0 0 0 1 3031.dat
1 0 460 -16 -320 0 0 1 0 1 0 -1 0 0 3020.dat
1 0 -460 -16 -240 0 0 1 0 1 0 -1 0 0 3020.dat
1 0 -360 -16 -240 1 0 0 0 1 0 0 0 1 3035.dat
1 0 -200 -16 -240 1 0 0 0 1 0 0 0 1 3035.dat
1 0 -40 -16 -240 1 0 0 0 1 0 0 0 1 3035.dat
1 0 120 -16 -240 1 0 0 0 1 0 0 0 1 3035.dat
1 0 280 -16 -240 1 0 0 0 1 0 0 0 1 3035.dat
1 0 400 -16 -240 1 0 0 0 1 0 0 0 1 3031.dat
1 0 460 -16 -240 0 0 1 0 1 0 -1 0 0 3020.dat
1 0 -460 -16 -160 0 0 1 0 1 0 -1 0 0 3020.dat
1 0 -360 -16 -160 1 0 0 0 1 0 0 0 1 3035.dat
1 0 -200 -16 -160 1 0 0 0 1 0 0 0 1 3035.dat
1 0 -40 -16 -160 1 0 0 0 1 0 0 0 1 3035.dat
1 0 120 -16 -160 1 0 0 0 1 0 0 0 1 3035.dat
1 0 280 -16 -160 1 0 0 0 1 0 0 0 1 3035.dat
1 0 400 -16 -160 1 0 0 0 1 0 0 0 1 3031.dat
1 0 460 -16 -160 0 0 1 0 1 0 -1 0 0 3020.dat
1 0 -460 -16 -80 0 0 1 0 1 0 -1 0 0 3020.dat
1 0 -360 -16 -80 1 0 0 0 1 0 0 0 1 3035.dat
1 0 -200 -16 -80 1 0 0 0 1 0 0 0 1 3035.dat
1 0 -40 -16 -80 1 0 0 0 1 0 0 0 1 3035.dat
1 0 120 -16 -80 1 0 0 0 1 0 0 0 1 3035.dat
1 0 280 -16 -80 1 0 0 0 1 0 0 0 1 3035.dat
1 0 400 -16 -80 1 0 0 0 1 0 0 0 1 3031.dat
1 0 460 -16 -80 0 0 1 0 1 0 -1 0 0 3020.dat
1 0 -460 -16 0 0 0 1 0 1 0 -1 0 0 3020.dat
1 0 -360 -16 0 1 0 0 0 1 0 0 0 1 3035.dat
1 0 -200 -16 0 1 0 0 0 1 0 0 0 1 3035.dat
1 0 -40 -16 0 1 0 0 0 1 0 0 0 1 3035.dat
1 0 120 -16 0 1 0 0 0 1 0 0 0 1 3035.dat
1 0 280 -16 0 1 0 0 0 1 0 0 0 1 3035.dat
1 0 400 -16 0 1 0 0 0 1 0 0 0 1 3031.dat
1 0 460 -16 0 0 0 1 0 1 0 -1 0 0 3020.dat
1 0 -460 -16 80 0 0 1 0 1 0 -1 0 0 3020.dat
1 0 -360 -16 80 1 0 0 0 1 0 0 0 1 3035.dat
1 0 -200 -16 80 1 0 0 0 1 0 0 0 1 3035.dat
1 0 -40 -16 80 1 0 0 0 1 0 0 0 1 3035.dat
1 0 120 -16 80 1 0 0 0 1 0 0 0 1 3035.dat
1 0 280 -16 80 1 0 0 0 1 0 0 0 1 3035.dat
1 0 400 -16 80 1 0 0 0 1 0 0 0 1 3031.dat
1 0 460 -16 80 0 0 1 0 1 0 -1 0 0 3020.dat
1 0 -460 -16 160 0 0 1 0 1 0 -1 0 0 3020.dat
1 0 -360 -16 160 1 0 0 0 1 0 0 0 1 3035.dat
1 0 -200 -16 160 1 0 0 0 1 0 0 0 1 3035.dat
1 0 -40 -16 160 1 0 0 0 1 0 0 0 1 3035.dat
1 0 120 -16 160 1 0 0 0 1 0 0 0 1 3035.dat
1 0 280 -16 160 1 0 0 0 1 0 0 0 1 3035.dat
1 0 400 -16 160 1 0 0 0 1 0 0 0 1 3031.dat
1 0 460 -16 160 0 0 1 0 1 0 -1 0 0 3020.dat
1 0 -460 -16 240 0 0 1 0 1 0 -1 0 0 3020.dat
1 0 -360 -16 240 1 0 0 0 1 0 0 0 1 3035.dat
1 0 -200 -16 240 1 0 0 0 1 0 0 0 1 3035.dat
1 0 -40 -16 240 1 0 0 0 1 0 0 0 1 3035.dat
1 0 120 -16 240 1 0 0 0 1 0 0 0 1 3035.dat
1 0 280 -16 240 1 0 0 0 1 0 0 0 1 3035.dat
1 0 400 -16 240 1 0 0 0 1 0 0 0 1 3031.dat
1 0 460 -16 240 0 0 1 0 1 0 -1 0 0 3020.dat
1 0 -460 -16 320 0 0 1 0 1 0 -1 0 0 3020.dat
1 0 -360 -16 320 1 0 0 0 1 0 0 0 1 3035.dat
1 0 -200 -16 320 1 0 0 0 1 0 0 0 1 3035.dat
1 0 -40 -16 320 1 0 0 0 1 0 0 0 1 3035.dat
1 0 120 -16 320 1 0 0 0 1 0 0 0 1 3035.dat
1 0 280 -16 320 1 0 0 0 1 0 0 0 1 3035.dat
1 0 400 -16 320 1 0 0 0 1 0 0 0 1 3031.dat
1 0 460 -16 320 0 0 1 0 1 0 -1 0 0 3020.dat
1 0 -460 -16 400 0 0 1 0 1 0 -1 0 0 3020.dat
1 0 -360 -16 400 1 0 0 0 1 0 0 0 1 3035.dat
1 0 -200 -16 400 1 0 0 0 1 0 0 0 1 3035.dat
1 0 -40 -16 400 1 0 0 0 1 0 0 0 1 3035.dat
1 0 120 -16 400 1 0 0 0 1 0 0 0 1 3035.dat
1 0 280 -16 400 1 0 0 0 1 0 0 0 1 3035.dat
1 0 400 -16 400 1 0 0 0 1 0 0 0 1 3031.dat
1 0 460 -16 400 0 0 1 0 1 0 -1 0 0 3020.dat
1 0 -460 -16 460 1 0 0 0 1 0 0 0 1 3022.dat
1 0 -360 -16 460 1 0 0 0 1 0 0 0 1 3034.dat
1 0 -200 -16 460 1 0 0 0 1 0 0 0 1 3034.dat
1 0 -40 -16 460 1 0 0 0 1 0 0 0 1 3034.dat
1 0 120 -16 460 1 0 0 0 1 0 0 0 1 3034.dat
1 0 280 -16 460 1 0 0 0 1 0 0 0 1 3034.dat
1 0 400 -16 460 1 0 0 0 1 0 0 0 1 3020.dat
1 0 460 -16 460 1 0 0 0 1 0 0 0 1 3022.dat
0 STEP
0 // Layer bottom 2 plates / 6.4 mm
1 0 -460 -24 -400 0 0 1 0 1 0 -1 0 0 3034.dat
1 0 -360 -24 -460 1 0 0 0 1 0 0 0 1 3034.dat
1 0 -200 -24 -460 1 0 0 0 1 0 0 0 1 3034.dat
1 0 -40 -24 -460 1 0 0 0 1 0 0 0 1 3034.dat
1 0 120 -24 -460 1 0 0 0 1 0 0 0 1 3034.dat
1 0 280 -24 -460 1 0 0 0 1 0 0 0 1 3034.dat
1 0 400 -24 -460 1 0 0 0 1 0 0 0 1 3020.dat
1 0 460 -24 -400 0 0 1 0 1 0 -1 0 0 3034.dat
1 28 -400 -24 -360 0 0 1 0 1 0 -1 0 0 3035.dat
1 28 -320 -24 -360 0 0 1 0 1 0 -1 0 0 3035.dat
1 28 -240 -24 -360 0 0 1 0 1 0 -1 0 0 3035.dat
1 28 -160 -24 -360 0 0 1 0 1 0 -1 0 0 3035.dat
1 28 -80 -24 -360 0 0 1 0 1 0 -1 0 0 3035.dat
1 28 0 -24 -360 0 0 1 0 1 0 -1 0 0 3035.dat
1 28 80 -24 -360 0 0 1 0 1 0 -1 0 0 3035.dat
1 28 160 -24 -360 0 0 1 0 1 0 -1 0 0 3035.dat
1 28 240 -24 -360 0 0 1 0 1 0 -1 0 0 3035.dat
1 28 320 -24 -360 0 0 1 0 1 0 -1 0 0 3035.dat
1 28 400 -24 -360 0 0 1 0 1 0 -1 0 0 3035.dat
1 0 -460 -24 -240 0 0 1 0 1 0 -1 0 0 3034.dat
1 0 460 -24 -240 0 0 1 0 1 0 -1 0 0 3034.dat
1 28 -400 -24 -200 0 0 1 0 1 0 -1 0 0 3035.dat
1 28 -320 -24 -200 0 0 1 0 1 0 -1 0 0 3035.dat
1 28 -240 -24 -200 0 0 1 0 1 0 -1 0 0 3035.dat
1 28 -160 -24 -200 0 0 1 0 1 0 -1 0 0 3035.dat
1 28 -80 -24 -200 0 0 1 0 1 0 -1 0 0 3035.dat
1 28 0 -24 -200 0 0 1 0 1 0 -1 0 0 3035.dat
1 28 80 -24 -200 0 0 1 0 1 0 -1 0 0 3035.dat
1 28 160 -24 -200 0 0 1 0 1 0 -1 0 0 3035.dat
1 28 240 -24 -200 0 0 1 0 1 0 -1 0 0 3035.dat
1 28 320 -24 -200 0 0 1 0 1 0 -1 0 0 3035.dat
1 28 400 -24 -200 0 0 1 0 1 0 -1 0 0 3035.dat
1 0 -460 -24 -80 0 0 1 0 1 0 -1 0 0 3034.dat
1 0 460 -24 -80 0 0 1 0 1 0 -1 0 0 3034.dat
1 28 -400 -24 -40 0 0 1 0 1 0 -1 0 0 3035.dat
1 28 -320 -24 -40 0 0 1 0 1 0 -1 0 0 3035.dat
1 28 -240 -24 -40 0 0 1 0 1 0 -1 0 0 3035.dat
1 28 -160 -24 -40 0 0 1 0 1 0 -1 0 0 3035.dat
1 28 -80 -24 -40 0 0 1 0 1 0 -1 0 0 3035.dat
1 28 0 -24 -40 0 0 1 0 1 0 -1 0 0 3035.dat
1 28 80 -24 -40 0 0 1 0 1 0 -1 0 0 3035.dat
1 28 160 -24 -40 0 0 1 0 1 0 -1 0 0 3035.dat
1 28 240 -24 -40 0 0 1 0 1 0 -1 0 0 3035.dat
1 28 320 -24 -40 0 0 1 0 1 0 -1 0 0 3035.dat
1 28 400 -24 -40 0 0 1 0 1 0 -1 0 0 3035.dat
1 0 -460 -24 80 0 0 1 0 1 0 -1 0 0 3034.dat
1 0 460 -24 80 0 0 1 0 1 0 -1 0 0 3034.dat
1 28 -400 -24 120 0 0 1 0 1 0 -1 0 0 3035.dat
1 28 -320 -24 120 0 0 1 0 1 0 -1 0 0 3035.dat
1 28 -240 -24 120 0 0 1 0 1 0 -1 0 0 3035.dat
1 28 -160 -24 120 0 0 1 0 1 0 -1 0 0 3035.dat
1 28 -80 -24 120 0 0 1 0 1 0 -1 0 0 3035.dat
1 28 0 -24 120 0 0 1 0 1 0 -1 0 0 3035.dat
1 28 80 -24 120 0 0 1 0 1 0 -1 0 0 3035.dat
1 28 160 -24 120 0 0 1 0 1 0 -1 0 0 3035.dat
1 28 240 -24 120 0 0 1 0 1 0 -1 0 0 3035.dat
1 28 320 -24 120 0 0 1 0 1 0 -1 0 0 3035.dat
1 28 400 -24 120 0 0 1 0 1 0 -1 0 0 3035.dat
1 0 -460 -24 240 0 0 1 0 1 0 -1 0 0 3034.dat
1 0 460 -24 240 0 0 1 0 1 0 -1 0 0 3034.dat
1 28 -400 -24 280 0 0 1 0 1 0 -1 0 0 3035.dat
1 28 -320 -24 280 0 0 1 0 1 0 -1 0 0 3035.dat
1 28 -240 -24 280 0 0 1 0 1 0 -1 0 0 3035.dat
1 28 -160 -24 280 0 0 1 0 1 0 -1 0 0 3035.dat
1 28 -80 -24 280 0 0 1 0 1 0 -1 0 0 3035.dat
1 28 0 -24 280 0 0 1 0 1 0 -1 0 0 3035.dat
1 28 80 -24 280 0 0 1 0 1 0 -1 0 0 3035.dat
1 28 160 -24 280 0 0 1 0 1 0 -1 0 0 3035.dat
1 28 240 -24 280 0 0 1 0 1 0 -1 0 0 3035.dat
1 28 320 -24 280 0 0 1 0 1 0 -1 0 0 3035.dat
1 28 400 -24 280 0 0 1 0 1 0 -1 0 0 3035.dat
1 0 -460 -24 400 0 0 1 0 1 0 -1 0 0 3034.dat
1 0 460 -24 400 0 0 1 0 1 0 -1 0 0 3034.dat
1 28 -360 -24 400 1 0 0 0 1 0 0 0 1 3035.dat
1 28 -200 -24 400 1 0 0 0 1 0 0 0 1 3035.dat
1 28 -40 -24 400 1 0 0 0 1 0 0 0 1 3035.dat
1 28 120 -24 400 1 0 0 0 1 0 0 0 1 3035.dat
1 28 280 -24 400 1 0 0 0 1 0 0 0 1 3035.dat
1 19 400 -24 400 1 0 0 0 1 0 0 0 1 3031.dat
1 0 -360 -24 460 1 0 0 0 1 0 0 0 1 3034.dat
1 0 -200 -24 460 1 0 0 0 1 0 0 0 1 3034.dat
1 0 -40 -24 460 1 0 0 0 1 0 0 0 1 3034.dat
1 0 120 -24 460 1 0 0 0 1 0 0 0 1 3034.dat
1 0 280 -24 460 1 0 0 0 1 0 0 0 1 3034.dat
1 0 400 -24 460 1 0 0 0 1 0 0 0 1 3020.dat
0 STEP
0 // Layer bottom 3 plates / 9.6 mm
1 19 -60 -32 -460 1 0 0 0 1 0 0 0 1 3034.dat
1 19 60 -32 -460 1 0 0 0 1 0 0 0 1 3020.dat
1 19 120 -32 -450 0 0 1 0 1 0 -1 0 0 3021.dat
1 28 -420 -32 -420 1 0 0 0 1 0 0 0 1 3068b.dat
1 28 -380 -32 -420 1 0 0 0 1 0 0 0 1 3068b.dat
1 28 -340 -32 -420 1 0 0 0 1 0 0 0 1 3068b.dat
1 28 -300 -32 -420 1 0 0 0 1 0 0 0 1 3068b.dat
1 28 -260 -32 -420 1 0 0 0 1 0 0 0 1 3068b.dat
1 28 -220 -32 -420 1 0 0 0 1 0 0 0 1 3068b.dat
1 28 -180 -32 -420 1 0 0 0 1 0 0 0 1 3068b.dat
1 28 -150 -32 -430 1 0 0 0 1 0 0 0 1 3070b.dat
1 19 -120 -32 -430 1 0 0 0 1 0 0 0 1 3023.dat
1 19 -80 -32 -430 1 0 0 0 1 0 0 0 1 3023.dat
1 19 -40 -32 -430 1 0 0 0 1 0 0 0 1 3023.dat
1 19 0 -32 -430 1 0 0 0 1 0 0 0 1 3023.dat
1 19 40 -32 -430 1 0 0 0 1 0 0 0 1 3023.dat
1 19 80 -32 -430 1 0 0 0 1 0 0 0 1 3023.dat
1 28 150 -32 -430 1 0 0 0 1 0 0 0 1 3070b.dat
1 28 180 -32 -420 1 0 0 0 1 0 0 0 1 3068b.dat
1 28 220 -32 -420 1 0 0 0 1 0 0 0 1 3068b.dat
1 28 260 -32 -420 1 0 0 0 1 0 0 0 1 3068b.dat
1 28 300 -32 -420 1 0 0 0 1 0 0 0 1 3068b.dat
1 28 340 -32 -420 1 0 0 0 1 0 0 0 1 3068b.dat
1 28 380 -32 -420 1 0 0 0 1 0 0 0 1 3068b.dat
1 28 420 -32 -420 1 0 0 0 1 0 0 0 1 3068b.dat
1 19 -120 -48 -400 1 0 0 0 1 0 0 0 1 3001.dat
1 19 -40 -48 -400 1 0 0 0 1 0 0 0 1 3001.dat
1 19 40 -48 -400 1 0 0 0 1 0 0 0 1 3001.dat
1 19 120 -48 -400 1 0 0 0 1 0 0 0 1 3001.dat
1 28 -420 -32 -380 1 0 0 0 1 0 0 0 1 3068b.dat
1 28 -380 -32 -380 1 0 0 0 1 0 0 0 1 3068b.dat
1 28 -340 -32 -380 1 0 0 0 1 0 0 0 1 3068b.dat
1 28 -300 -32 -380 1 0 0 0 1 0 0 0 1 3068b.dat
1 28 -260 -32 -380 1 0 0 0 1 0 0 0 1 3068b.dat
1 28 -220 -32 -380 1 0 0 0 1 0 0 0 1 3068b.dat
1 28 -180 -32 -380 1 0 0 0 1 0 0 0 1 3068b.dat
1 28 180 -32 -380 1 0 0 0 1 0 0 0 1 3068b.dat
1 28 220 -32 -380 1 0 0 0 1 0 0 0 1 3068b.dat
1 28 260 -32 -380 1 0 0 0 1 0 0 0 1 3068b.dat
1 28 300 -32 -380 1 0 0 0 1 0 0 0 1 3068b.dat
1 28 340 -32 -380 1 0 0 0 1 0 0 0 1 3068b.dat
1 28 380 -32 -380 1 0 0 0 1 0 0 0 1 3068b.dat
1 28 420 -32 -380 1 0 0 0 1 0 0 0 1 3068b.dat
1 28 -140 -48 -340 0 0 1 0 1 0 -1 0 0 3001.dat
1 28 -80 -48 -360 1 0 0 0 1 0 0 0 1 3001.dat
1 71 40 -48 -360 1 0 0 0 1 0 0 0 1 3007.dat
1 28 140 -48 -340 0 0 1 0 1 0 -1 0 0 3001.dat
1 28 -420 -32 -340 1 0 0 0 1 0 0 0 1 3068b.dat
1 28 -380 -32 -340 1 0 0 0 1 0 0 0 1 3068b.dat
1 28 -350 -32 -320 0 0 1 0 1 0 -1 0 0 2431.dat
1 28 -300 -32 -350 1 0 0 0 1 0 0 0 1 2431.dat
1 28 -240 -32 -340 1 0 0 0 1 0 0 0 1 3068b.dat
1 28 -200 -32 -340 1 0 0 0 1 0 0 0 1 3068b.dat
1 28 -170 -32 -320 0 0 1 0 1 0 -1 0 0 2431.dat
1 28 180 -32 -340 1 0 0 0 1 0 0 0 1 3068b.dat
1 28 220 -32 -340 1 0 0 0 1 0 0 0 1 3068b.dat
1 28 250 -32 -320 0 0 1 0 1 0 -1 0 0 2431.dat
1 28 300 -32 -350 1 0 0 0 1 0 0 0 1 2431.dat
1 28 360 -32 -340 1 0 0 0 1 0 0 0 1 3068b.dat
1 28 400 -32 -340 1 0 0 0 1 0 0 0 1 3068b.dat
1 28 430 -32 -320 0 0 1 0 1 0 -1 0 0 2431.dat
1 28 -320 -48 -300 0 0 1 0 1 0 -1 0 0 3001.dat
1 28 -280 -48 -300 0 0 1 0 1 0 -1 0 0 3001.dat
1 71 -60 -48 -300 0 0 1 0 1 0 -1 0 0 3001.dat
1 71 20 -48 -260 0 0 1 0 1 0 -1 0 0 3007.dat
1 71 100 -48 -320 1 0 0 0 1 0 0 0 1 3003.dat
1 28 280 -48 -300 0 0 1 0 1 0 -1 0 0 3001.dat
1 28 320 -48 -300 0 0 1 0 1 0 -1 0 0 3001.dat
1 28 -420 -32 -300 1 0 0 0 1 0 0 0 1 3068b.dat
1 28 -380 -32 -300 1 0 0 0 1 0 0 0 1 3068b.dat
1 28 -240 -32 -300 1 0 0 0 1 0 0 0 1 3068b.dat
1 28 -200 -32 -300 1 0 0 0 1 0 0 0 1 3068b.dat
1 28 180 -32 -300 1 0 0 0 1 0 0 0 1 3068b.dat
1 28 220 -32 -300 1 0 0 0 1 0 0 0 1 3068b.dat
1 28 360 -32 -300 1 0 0 0 1 0 0 0 1 3068b.dat
1 28 400 -32 -300 1 0 0 0 1 0 0 0 1 3068b.dat
1 28 -150 -32 -290 1 0 0 0 1 0 0 0 1 3070b.dat
1 28 -120 -48 -290 1 0 0 0 1 0 0 0 1 3004.dat
1 71 90 -48 -290 1 0 0 0 1 0 0 0 1 3005.dat
1 28 120 -48 -290 1 0 0 0 1 0 0 0 1 3004.dat
1 28 150 -32 -290 1 0 0 0 1 0 0 0 1 3070b.dat
1 28 -420 -32 -260 1 0 0 0 1 0 0 0 1 3068b.dat
1 28 -380 -32 -260 1 0 0 0 1 0 0 0 1 3068b.dat
1 28 -350 -32 -270 1 0 0 0 1 0 0 0 1 3070b.dat
1 28 -240 -32 -260 1 0 0 0 1 0 0 0 1 3068b.dat
1 28 -210 -32 -270 1 0 0 0 1 0 0 0 1 3070b.dat
1 28 -180 -48 -260 1 0 0 0 1 0 0 0 1 3003.dat
1 71 -150 -48 -270 1 0 0 0 1 0 0 0 1 3005.dat
1 71 -130 -48 -260 0 0 1 0 1 0 -1 0 0 3004.dat
1 71 100 -48 -240 0 0 1 0 1 0 -1 0 0 3001.dat
1 28 180 -48 -260 1 0 0 0 1 0 0 0 1 3003.dat
1 28 210 -32 -270 1 0 0 0 1 0 0 0 1 3070b.dat
1 28 240 -32 -260 1 0 0 0 1 0 0 0 1 3068b.dat
1 28 360 -32 -260 1 0 0 0 1 0 0 0 1 3068b.dat
1 28 400 -32 -260 1 0 0 0 1 0 0 0 1 3068b.dat
1 28 430 -32 -260 0 0 1 0 1 0 -1 0 0 3069b.dat
1 28 -340 -32 -240 1 0 0 0 1 0 0 0 1 3068b.dat
1 28 -300 -32 -240 1 0 0 0 1 0 0 0 1 3068b.dat
1 28 -270 -32 -250 1 0 0 0 1 0 0 0 1 3070b.dat
1 28 -210 -48 -240 0 0 1 0 1 0 -1 0 0 3004.dat
1 71 -150 -48 -250 1 0 0 0 1 0 0 0 1 3005.dat
1 71 -60 -48 -220 0 0 1 0 1 0 -1 0 0 3001.dat
1 28 150 -48 -250 1 0 0 0 1 0 0 0 1 3005.dat
1 28 210 -48 -240 0 0 1 0 1 0 -1 0 0 3004.dat
1 28 270 -32 -250 1 0 0 0 1 0 0 0 1 3070b.dat
1 28 300 -32 -240 1 0 0 0 1 0 0 0 1 3068b.dat
1 28 330 -32 -240 0 0 1 0 1 0 -1 0 0 3069b.dat
1 28 -420 -32 -220 1 0 0 0 1 0 0 0 1 3068b.dat
1 28 -380 -32 -220 1 0 0 0 1 0 0 0 1 3068b.dat
1 28 -260 -48 -200 0 0 1 0 1 0 -1 0 0 3001.dat
1 28 -230 -48 -220 0 0 1 0 1 0 -1 0 0 3004.dat
1 71 -180 -48 -230 1 0 0 0 1 0 0 0 1 3004.dat
1 71 -140 -48 -160 0 0 1 0 1 0 -1 0 0 3007.dat
1 71 -100 -48 -230 1 0 0 0 1 0 0 0 1 3004.dat
1 71 -20 -48 -230 1 0 0 0 1 0 0 0 1 3004.dat
1 71 60 -48 -230 1 0 0 0 1 0 0 0 1 3004.dat
1 71 140 -48 -230 1 0 0 0 1 0 0 0 1 3004.dat
1 71 180 -48 -200 0 0 1 0 1 0 -1 0 0 3001.dat
1 28 230 -48 -220 0 0 1 0 1 0 -1 0 0 3004.dat
1 28 260 -48 -200 0 0 1 0 1 0 -1 0 0 3001.dat
1 28 360 -48 -200 0 0 1 0 1 0 -1 0 0 3001.dat
1 28 400 -48 -200 0 0 1 0 1 0 -1 0 0 3001.dat
1 28 430 -32 -230 1 0 0 0 1 0 0 0 1 3070b.dat
1 28 -340 -32 -200 1 0 0 0 1 0 0 0 1 3068b.dat
1 28 -300 -32 -200 1 0 0 0 1 0 0 0 1 3068b.dat
1 71 -210 -48 -210 1 0 0 0 1 0 0 0 1 3005.dat
1 28 300 -32 -200 1 0 0 0 1 0 0 0 1 3068b.dat
1 28 330 -48 -180 0 0 1 0 1 0 -1 0 0 3010.dat
1 28 430 -48 -180 0 0 1 0 1 0 -1 0 0 3010.dat
1 28 -420 -32 -180 1 0 0 0 1 0 0 0 1 3068b.dat
1 28 -380 -32 -180 1 0 0 0 1 0 0 0 1 3068b.dat
1 71 -220 -48 -160 0 0 1 0 1 0 -1 0 0 3001.dat
1 71 60 -48 -180 1 0 0 0 1 0 0 0 1 3003.dat
1 71 100 -48 -120 0 0 1 0 1 0 -1 0 0 3007.dat
1 28 -340 -32 -160 1 0 0 0 1 0 0 0 1 3068b.dat
1 28 -300 -32 -170 1 0 0 0 1 0 0 0 1 3069b.dat
1 71 -60 -48 -100 0 0 1 0 1 0 -1 0 0 3007.dat
1 71 20 -48 -100 0 0 1 0 1 0 -1 0 0 3007.dat
1 28 300 -32 -170 1 0 0 0 1 0 0 0 1 3069b.dat
1 28 -430 -32 -120 0 0 1 0 1 0 -1 0 0 2431.dat
1 19 -410 -72 -120 0 0 1 0 1 0 -1 0 0 30055.dat
1 28 -380 -32 -140 1 0 0 0 1 0 0 0 1 3068b.dat
1 28 -300 -48 -120 0 0 1 0 1 0 -1 0 0 3001.dat
1 71 180 -48 -120 0 0 1 0 1 0 -1 0 0 3001.dat
1 71 260 -48 -120 0 0 1 0 1 0 -1 0 0 3001.dat
1 28 300 -48 -120 0 0 1 0 1 0 -1 0 0 3001.dat
1 28 380 -48 -140 1 0 0 0 1 0 0 0 1 3001.dat
1 28 -340 -32 -120 1 0 0 0 1 0 0 0 1 3068b.dat
1 28 330 -32 -130 1 0 0 0 1 0 0 0 1 3070b.dat
1 28 430 -32 -130 1 0 0 0 1 0 0 0 1 3070b.dat
1 28 -380 -32 -100 1 0 0 0 1 0 0 0 1 3068b.dat
1 71 -260 -48 -110 1 0 0 0 1 0 0 0 1 3004.dat
1 71 -220 -48 -80 0 0 1 0 1 0 -1 0 0 3001.dat
1 71 -180 -48 -110 1 0 0 0 1 0 0 0 1 3004.dat
1 71 -100 -48 -110 1 0 0 0 1 0 0 0 1 3004.dat
1 71 -20 -48 -110 1 0 0 0 1 0 0 0 1 3004.dat
1 71 60 -48 -110 1 0 0 0 1 0 0 0 1 3004.dat
1 71 140 -48 -110 1 0 0 0 1 0 0 0 1 3004.dat
1 71 220 -48 -110 1 0 0 0 1 0 0 0 1 3004.dat
1 28 340 -32 -100 1 0 0 0 1 0 0 0 1 3068b.dat
1 28 380 -32 -100 1 0 0 0 1 0 0 0 1 3068b.dat
1 28 420 -32 -100 1 0 0 0 1 0 0 0 1 3068b.dat
1 28 -340 -32 -80 1 0 0 0 1 0 0 0 1 3068b.dat
1 19 -270 -48 -90 1 0 0 0 1 0 0 0 1 3005.dat
1 28 -430 -32 -40 0 0 1 0 1 0 -1 0 0 2431.dat
1 19 -410 -72 -40 0 0 1 0 1 0 -1 0 0 30055.dat
1 28 -380 -32 -60 1 0 0 0 1 0 0 0 1 3068b.dat
1 28 -300 -32 -60 1 0 0 0 1 0 0 0 1 3068b.dat
1 28 -260 -48 -40 0 0 1 0 1 0 -1 0 0 3001.dat
1 71 -140 -48 0 0 0 1 0 1 0 -1 0 0 3007.dat
1 71 180 -48 -40 0 0 1 0 1 0 -1 0 0 3001.dat
1 28 260 -48 -40 0 0 1 0 1 0 -1 0 0 3001.dat
1 28 300 -32 -60 1 0 0 0 1 0 0 0 1 3068b.dat
1 28 360 -32 -70 1 0 0 0 1 0 0 0 1 2431.dat
1 28 410 -32 -70 1 0 0 0 1 0 0 0 1 3070b.dat
1 28 430 -32 -60 0 0 1 0 1 0 -1 0 0 3069b.dat
1 28 -340 -32 -40 1 0 0 0 1 0 0 0 1 3068b.dat
1 28 330 -32 -50 1 0 0 0 1 0 0 0 1 3070b.dat
1 28 360 -48 -20 0 0 1 0 1 0 -1 0 0 3001.dat
1 28 400 -48 -20 0 0 1 0 1 0 -1 0 0 3001.dat
1 28 -380 -32 -20 1 0 0 0 1 0 0 0 1 3068b.dat
1 28 -300 -32 -20 1 0 0 0 1 0 0 0 1 3068b.dat
1 71 -220 -48 0 0 0 1 0 1 0 -1 0 0 3001.dat
1 71 100 -48 40 0 0 1 0 1 0 -1 0 0 3007.dat
1 28 300 -32 -20 1 0 0 0 1 0 0 0 1 3068b.dat
1 28 330 -48 0 0 0 1 0 1 0 -1 0 0 3010.dat
1 28 430 -48 0 0 0 1 0 1 0 -1 0 0 3010.dat
1 28 -340 -32 0 1 0 0 0 1 0 0 0 1 3068b.dat
1 71 -60 -48 60 0 0 1 0 1 0 -1 0 0 3007.dat
1 71 20 -48 60 0 0 1 0 1 0 -1 0 0 3007.dat
1 28 -430 -32 40 0 0 1 0 1 0 -1 0 0 2431.dat
1 19 -410 -72 40 0 0 1 0 1 0 -1 0 0 30055.dat
1 28 -380 -32 20 1 0 0 0 1 0 0 0 1 3068b.dat
1 28 -300 -32 20 1 0 0 0 1 0 0 0 1 3068b.dat
1 28 -260 -48 40 0 0 1 0 1 0 -1 0 0 3001.dat
1 71 -180 -48 10 1 0 0 0 1 0 0 0 1 3004.dat
1 71 -100 -48 10 1 0 0 0 1 0 0 0 1 3004.dat
1 71 -20 -48 10 1 0 0 0 1 0 0 0 1 3004.dat
1 71 60 -48 20 1 0 0 0 1 0 0 0 1 3003.dat
1 71 140 -48 10 1 0 0 0 1 0 0 0 1 3004.dat
1 71 180 -48 40 0 0 1 0 1 0 -1 0 0 3001.dat
1 71 220 -48 10 1 0 0 0 1 0 0 0 1 3004.dat
1 28 260 -48 40 0 0 1 0 1 0 -1 0 0 3001.dat
1 28 300 -32 20 1 0 0 0 1 0 0 0 1 3068b.dat
1 28 -340 -32 40 1 0 0 0 1 0 0 0 1 3068b.dat
1 28 380 -48 40 1 0 0 0 1 0 0 0 1 3001.dat
1 28 -380 -32 60 1 0 0 0 1 0 0 0 1 3068b.dat
1 28 -300 -32 60 1 0 0 0 1 0 0 0 1 3068b.dat
1 71 -220 -48 80 0 0 1 0 1 0 -1 0 0 3001.dat
1 28 300 -32 60 1 0 0 0 1 0 0 0 1 3068b.dat
1 28 330 -32 50 1 0 0 0 1 0 0 0 1 3070b.dat
1 28 430 -32 50 1 0 0 0 1 0 0 0 1 3070b.dat
1 28 -340 -32 80 1 0 0 0 1 0 0 0 1 3068b.dat
1 28 340 -32 80 1 0 0 0 1 0 0 0 1 3068b.dat
1 28 380 -32 80 1 0 0 0 1 0 0 0 1 3068b.dat
1 28 420 -32 80 1 0 0 0 1 0 0 0 1 3068b.dat
1 28 -430 -32 120 0 0 1 0 1 0 -1 0 0 2431.dat
1 19 -410 -72 120 0 0 1 0 1 0 -1 0 0 30055.dat
1 28 -380 -32 100 1 0 0 0 1 0 0 0 1 3068b.dat
1 28 -300 -48 120 0 0 1 0 1 0 -1 0 0 3001.dat
1 71 -140 -48 160 0 0 1 0 1 0 -1 0 0 3007.dat
1 71 180 -48 120 0 0 1 0 1 0 -1 0 0 3001.dat
1 71 260 -48 120 0 0 1 0 1 0 -1 0 0 3001.dat
1 28 300 -48 120 0 0 1 0 1 0 -1 0 0 3001.dat
1 28 -340 -32 120 1 0 0 0 1 0 0 0 1 3068b.dat
1 19 -270 -48 110 1 0 0 0 1 0 0 0 1 3005.dat
1 28 360 -32 110 1 0 0 0 1 0 0 0 1 2431.dat
1 28 410 -32 110 1 0 0 0 1 0 0 0 1 3070b.dat
1 28 430 -32 120 0 0 1 0 1 0 -1 0 0 3069b.dat
1 28 -380 -32 140 1 0 0 0 1 0 0 0 1 3068b.dat
1 71 -260 -48 130 1 0 0 0 1 0 0 0 1 3004.dat
1 71 -220 -48 160 0 0 1 0 1 0 -1 0 0 3001.dat
1 71 -180 -48 130 1 0 0 0 1 0 0 0 1 3004.dat
1 71 -100 -48 130 1 0 0 0 1 0 0 0 1 3004.dat
1 71 -20 -48 130 1 0 0 0 1 0 0 0 1 3004.dat
1 71 60 -48 130 1 0 0 0 1 0 0 0 1 3004.dat
1 71 100 -48 200 0 0 1 0 1 0 -1 0 0 3007.dat
1 71 140 -48 130 1 0 0 0 1 0 0 0 1 3004.dat
1 71 220 -48 130 1 0 0 0 1 0 0 0 1 3004.dat
1 28 330 -32 130 1 0 0 0 1 0 0 0 1 3070b.dat
1 28 360 -48 160 0 0 1 0 1 0 -1 0 0 3001.dat
1 28 400 -48 160 0 0 1 0 1 0 -1 0 0 3001.dat
1 28 -340 -32 160 1 0 0 0 1 0 0 0 1 3068b.dat
1 71 -60 -48 180 0 0 1 0 1 0 -1 0 0 3001.dat
1 71 20 -48 220 0 0 1 0 1 0 -1 0 0 3007.dat
1 28 330 -48 180 0 0 1 0 1 0 -1 0 0 3010.dat
1 28 430 -48 180 0 0 1 0 1 0 -1 0 0 3010.dat
1 28 -420 -32 180 1 0 0 0 1 0 0 0 1 3068b.dat
1 28 -380 -32 180 1 0 0 0 1 0 0 0 1 3068b.dat
1 28 -300 -32 180 1 0 0 0 1 0 0 0 1 3068b.dat
1 28 -260 -48 200 0 0 1 0 1 0 -1 0 0 3001.dat
1 71 180 -48 200 0 0 1 0 1 0 -1 0 0 3001.dat
1 28 260 -48 200 0 0 1 0 1 0 -1 0 0 3001.dat
1 28 300 -32 180 1 0 0 0 1 0 0 0 1 3068b.dat
1 28 -340 -32 200 1 0 0 0 1 0 0 0 1 3068b.dat
1 28 -420 -32 220 1 0 0 0 1 0 0 0 1 3068b.dat
1 28 -380 -32 220 1 0 0 0 1 0 0 0 1 3068b.dat
1 28 -300 -32 220 1 0 0 0 1 0 0 0 1 3068b.dat
1 28 -230 -48 220 0 0 1 0 1 0 -1 0 0 3004.dat
1 71 -210 -48 210 1 0 0 0 1 0 0 0 1 3005.dat
1 71 60 -48 230 0 0 1 0 1 0 -1 0 0 3002.dat
1 28 230 -48 220 0 0 1 0 1 0 -1 0 0 3004.dat
1 28 300 -32 220 1 0 0 0 1 0 0 0 1 3068b.dat
1 28 380 -48 220 1 0 0 0 1 0 0 0 1 3001.dat
1 28 -340 -32 240 1 0 0 0 1 0 0 0 1 3068b.dat
1 28 -210 -48 240 0 0 1 0 1 0 -1 0 0 3004.dat
1 71 -60 -48 260 0 0 1 0 1 0 -1 0 0 3001.dat
1 28 210 -48 240 0 0 1 0 1 0 -1 0 0 3004.dat
1 28 330 -32 230 1 0 0 0 1 0 0 0 1 3070b.dat
1 28 430 -32 260 0 0 1 0 1 0 -1 0 0 2431.dat
1 28 -420 -32 260 1 0 0 0 1 0 0 0 1 3068b.dat
1 28 -380 -32 260 1 0 0 0 1 0 0 0 1 3068b.dat
1 28 -300 -32 250 1 0 0 0 1 0 0 0 1 3069b.dat
1 28 -270 -32 250 1 0 0 0 1 0 0 0 1 3070b.dat
1 28 -240 -32 260 1 0 0 0 1 0 0 0 1 3068b.dat
1 28 -170 -48 260 1 0 0 0 1 0 0 0 1 3002.dat
1 71 -120 -48 250 1 0 0 0 1 0 0 0 1 3004.dat
1 71 -90 -48 250 1 0 0 0 1 0 0 0 1 3005.dat
1 71 -20 -48 250 1 0 0 0 1 0 0 0 1 3004.dat
1 71 130 -48 250 1 0 0 0 1 0 0 0 1 3005.dat
1 28 170 -48 260 1 0 0 0 1 0 0 0 1 3002.dat
1 28 240 -32 260 1 0 0 0 1 0 0 0 1 3068b.dat
1 28 300 -32 250 1 0 0 0 1 0 0 0 1 2431.dat
1 28 360 -32 260 1 0 0 0 1 0 0 0 1 3068b.dat
1 28 400 -32 260 1 0 0 0 1 0 0 0 1 3068b.dat
1 28 -350 -32 300 0 0 1 0 1 0 -1 0 0 2431.dat
1 28 -320 -48 300 0 0 1 0 1 0 -1 0 0 3001.dat
1 28 -280 -48 300 0 0 1 0 1 0 -1 0 0 3001.dat
1 28 -210 -32 270 1 0 0 0 1 0 0 0 1 3070b.dat
1 28 -130 -48 280 0 0 1 0 1 0 -1 0 0 3004.dat
1 28 130 -48 280 0 0 1 0 1 0 -1 0 0 3004.dat
1 28 210 -32 270 1 0 0 0 1 0 0 0 1 3070b.dat
1 28 280 -48 300 0 0 1 0 1 0 -1 0 0 3001.dat
1 28 320 -48 300 0 0 1 0 1 0 -1 0 0 3001.dat
1 28 -420 -32 300 1 0 0 0 1 0 0 0 1 3068b.dat
1 28 -380 -32 300 1 0 0 0 1 0 0 0 1 3068b.dat
1 28 -240 -32 300 1 0 0 0 1 0 0 0 1 3068b.dat
1 28 -200 -32 300 1 0 0 0 1 0 0 0 1 3068b.dat
1 28 -160 -32 300 1 0 0 0 1 0 0 0 1 3068b.dat
1 28 -110 -48 300 0 0 1 0 1 0 -1 0 0 3004.dat
1 71 90 -48 290 1 0 0 0 1 0 0 0 1 3005.dat
1 28 110 -48 300 0 0 1 0 1 0 -1 0 0 3004.dat
1 28 160 -32 300 1 0 0 0 1 0 0 0 1 3068b.dat
1 28 200 -32 300 1 0 0 0 1 0 0 0 1 3068b.dat
1 28 240 -32 300 1 0 0 0 1 0 0 0 1 3068b.dat
1 28 360 -32 300 1 0 0 0 1 0 0 0 1 3068b.dat
1 28 400 -32 300 1 0 0 0 1 0 0 0 1 3068b.dat
1 28 -130 -32 310 1 0 0 0 1 0 0 0 1 3070b.dat
1 28 -80 -48 320 1 0 0 0 1 0 0 0 1 3003.dat
1 71 -50 -48 310 1 0 0 0 1 0 0 0 1 3005.dat
1 71 20 -48 310 1 0 0 0 1 0 0 0 1 3004.dat
1 28 80 -48 320 1 0 0 0 1 0 0 0 1 3003.dat
1 28 130 -32 310 1 0 0 0 1 0 0 0 1 3070b.dat
1 28 430 -32 320 0 0 1 0 1 0 -1 0 0 3069b.dat
1 28 -420 -32 340 1 0 0 0 1 0 0 0 1 3068b.dat
1 28 -380 -32 340 1 0 0 0 1 0 0 0 1 3068b.dat
1 28 -240 -32 340 1 0 0 0 1 0 0 0 1 3068b.dat
1 28 -200 -32 340 1 0 0 0 1 0 0 0 1 3068b.dat
1 28 -160 -32 340 1 0 0 0 1 0 0 0 1 3068b.dat
1 28 -120 -32 340 1 0 0 0 1 0 0 0 1 3068b.dat
1 28 -20 -48 340 1 0 0 0 1 0 0 0 1 3001.dat
1 28 40 -48 340 1 0 0 0 1 0 0 0 1 3003.dat
1 28 120 -32 340 1 0 0 0 1 0 0 0 1 3068b.dat
1 28 160 -32 340 1 0 0 0 1 0 0 0 1 3068b.dat
1 28 200 -32 340 1 0 0 0 1 0 0 0 1 3068b.dat
1 28 240 -32 340 1 0 0 0 1 0 0 0 1 3068b.dat
1 28 360 -32 340 1 0 0 0 1 0 0 0 1 3068b.dat
1 28 400 -32 340 1 0 0 0 1 0 0 0 1 3068b.dat
1 28 -340 -32 360 1 0 0 0 1 0 0 0 1 3068b.dat
1 28 -300 -32 360 1 0 0 0 1 0 0 0 1 3068b.dat
1 28 -270 -32 350 1 0 0 0 1 0 0 0 1 3070b.dat
1 28 -80 -32 360 1 0 0 0 1 0 0 0 1 3068b.dat
1 28 80 -32 360 1 0 0 0 1 0 0 0 1 3068b.dat
1 28 280 -32 360 1 0 0 0 1 0 0 0 1 3068b.dat
1 28 320 -32 360 1 0 0 0 1 0 0 0 1 3068b.dat
1 28 430 -32 350 1 0 0 0 1 0 0 0 1 3070b.dat
1 28 -420 -32 380 1 0 0 0 1 0 0 0 1 3068b.dat
1 28 -380 -32 380 1 0 0 0 1 0 0 0 1 3068b.dat
1 28 -260 -32 380 1 0 0 0 1 0 0 0 1 3068b.dat
1 28 -220 -32 380 1 0 0 0 1 0 0 0 1 3068b.dat
1 28 -180 -32 380 1 0 0 0 1 0 0 0 1 3068b.dat
1 28 -140 -32 380 1 0 0 0 1 0 0 0 1 3068b.dat
1 28 -110 -32 370 1 0 0 0 1 0 0 0 1 3070b.dat
1 28 -40 -32 380 1 0 0 0 1 0 0 0 1 3068b.dat
1 28 0 -32 380 1 0 0 0 1 0 0 0 1 3068b.dat
1 28 40 -32 380 1 0 0 0 1 0 0 0 1 3068b.dat
1 28 120 -32 380 1 0 0 0 1 0 0 0 1 3068b.dat
1 28 160 -32 380 1 0 0 0 1 0 0 0 1 3068b.dat
1 28 200 -32 380 1 0 0 0 1 0 0 0 1 3068b.dat
1 28 240 -32 380 1 0 0 0 1 0 0 0 1 3068b.dat
1 28 350 -32 400 0 0 1 0 1 0 -1 0 0 2431.dat
1 19 370 -48 370 1 0 0 0 1 0 0 0 1 3062b.dat
1 19 430 -48 370 1 0 0 0 1 0 0 0 1 3062b.dat
1 28 -340 -32 400 1 0 0 0 1 0 0 0 1 3068b.dat
1 28 -300 -32 400 1 0 0 0 1 0 0 0 1 3068b.dat
1 28 -100 -32 400 1 0 0 0 1 0 0 0 1 3068b.dat
1 28 -70 -32 390 1 0 0 0 1 0 0 0 1 3070b.dat
1 28 80 -32 400 1 0 0 0 1 0 0 0 1 3068b.dat
1 28 280 -32 400 1 0 0 0 1 0 0 0 1 3068b.dat
1 28 320 -32 400 1 0 0 0 1 0 0 0 1 3068b.dat
1 28 -420 -32 420 1 0 0 0 1 0 0 0 1 3068b.dat
1 28 -380 -32 420 1 0 0 0 1 0 0 0 1 3068b.dat
1 28 -260 -32 420 1 0 0 0 1 0 0 0 1 3068b.dat
1 28 -220 -32 420 1 0 0 0 1 0 0 0 1 3068b.dat
1 28 -180 -32 420 1 0 0 0 1 0 0 0 1 3068b.dat
1 28 -140 -32 420 1 0 0 0 1 0 0 0 1 3068b.dat
1 28 -60 -32 420 1 0 0 0 1 0 0 0 1 3068b.dat
1 28 -20 -32 420 1 0 0 0 1 0 0 0 1 3068b.dat
1 28 20 -32 420 1 0 0 0 1 0 0 0 1 3068b.dat
1 28 50 -32 420 0 0 1 0 1 0 -1 0 0 3069b.dat
1 28 120 -32 420 1 0 0 0 1 0 0 0 1 3068b.dat
1 28 160 -32 420 1 0 0 0 1 0 0 0 1 3068b.dat
1 28 200 -32 420 1 0 0 0 1 0 0 0 1 3068b.dat
1 28 240 -32 420 1 0 0 0 1 0 0 0 1 3068b.dat
1 28 -320 -32 430 1 0 0 0 1 0 0 0 1 2431.dat
1 28 -100 -32 430 1 0 0 0 1 0 0 0 1 3069b.dat
1 28 80 -32 430 1 0 0 0 1 0 0 0 1 3069b.dat
1 28 300 -32 430 1 0 0 0 1 0 0 0 1 2431.dat
1 19 370 -48 430 1 0 0 0 1 0 0 0 1 3062b.dat
1 19 430 -48 430 1 0 0 0 1 0 0 0 1 3062b.dat
0 STEP
0 // Layer bottom 4 plates / 12.8 mm
1 19 -60 -40 -440 1 0 0 0 1 0 0 0 1 3034.dat
1 19 60 -40 -440 1 0 0 0 1 0 0 0 1 3020.dat
1 19 120 -40 -440 1 0 0 0 1 0 0 0 1 3022.dat
0 STEP
0 // Layer bottom 5 plates / 16 mm
1 19 -120 -48 -430 1 0 0 0 1 0 0 0 1 3023.dat
1 19 -80 -48 -430 1 0 0 0 1 0 0 0 1 3023.dat
1 19 -40 -48 -430 1 0 0 0 1 0 0 0 1 3023.dat
1 19 0 -48 -430 1 0 0 0 1 0 0 0 1 3023.dat
1 19 40 -48 -430 1 0 0 0 1 0 0 0 1 3023.dat
1 19 80 -48 -430 1 0 0 0 1 0 0 0 1 3023.dat
1 19 120 -48 -430 1 0 0 0 1 0 0 0 1 3023.dat
0 STEP
0 // Layer bottom 6 plates / 19.2 mm
1 19 -140 -72 -410 1 0 0 0 1 0 0 0 1 98283.dat
1 0 -110 -72 -410 1 0 0 0 1 0 0 0 1 3005.dat
1 19 -80 -72 -410 1 0 0 0 1 0 0 0 1 98283.dat
1 0 -50 -72 -410 1 0 0 0 1 0 0 0 1 3005.dat
1 19 -20 -72 -410 1 0 0 0 1 0 0 0 1 98283.dat
1 0 10 -72 -410 1 0 0 0 1 0 0 0 1 3005.dat
1 19 40 -72 -410 1 0 0 0 1 0 0 0 1 98283.dat
1 0 70 -72 -410 1 0 0 0 1 0 0 0 1 3005.dat
1 19 100 -72 -410 1 0 0 0 1 0 0 0 1 98283.dat
1 0 130 -72 -410 1 0 0 0 1 0 0 0 1 3005.dat
1 19 150 -72 -410 1 0 0 0 1 0 0 0 1 3005.dat
1 19 -150 -72 -390 1 0 0 0 1 0 0 0 1 3005.dat
1 19 -120 -72 -390 1 0 0 0 1 0 0 0 1 3004.dat
1 19 -90 -72 -390 1 0 0 0 1 0 0 0 1 3005.dat
1 19 -40 -72 -390 1 0 0 0 1 0 0 0 1 3010.dat
1 19 40 -72 -390 1 0 0 0 1 0 0 0 1 3010.dat
1 19 100 -72 -390 1 0 0 0 1 0 0 0 1 3004.dat
1 19 130 -72 -390 1 0 0 0 1 0 0 0 1 3005.dat
1 19 150 -72 -390 1 0 0 0 1 0 0 0 1 3005.dat
1 19 -150 -72 -360 0 0 1 0 1 0 -1 0 0 98283.dat
1 19 -130 -72 -340 0 0 1 0 1 0 -1 0 0 3010.dat
1 71 -110 -72 -370 1 0 0 0 1 0 0 0 1 3005.dat
1 19 -70 -72 -360 1 0 0 0 1 0 0 0 1 3002.dat
1 71 -20 -72 -360 1 0 0 0 1 0 0 0 1 3003.dat
1 71 20 -72 -300 0 0 1 0 1 0 -1 0 0 3007.dat
1 71 60 -72 -360 1 0 0 0 1 0 0 0 1 3003.dat
1 71 100 -72 -340 0 0 1 0 1 0 -1 0 0 3001.dat
1 19 130 -72 -340 0 0 1 0 1 0 -1 0 0 3010.dat
1 19 150 -72 -360 0 0 1 0 1 0 -1 0 0 98283.dat
1 19 -110 -72 -350 1 0 0 0 1 0 0 0 1 3005.dat
1 19 -330 -72 -320 0 0 1 0 1 0 -1 0 0 98283.dat
1 19 -300 -72 -330 1 0 0 0 1 0 0 0 1 98283.dat
1 19 -270 -72 -330 1 0 0 0 1 0 0 0 1 3005.dat
1 19 -150 -72 -320 0 0 1 0 1 0 -1 0 0 98283.dat
1 71 -60 -72 -300 0 0 1 0 1 0 -1 0 0 3001.dat
1 19 150 -72 -320 0 0 1 0 1 0 -1 0 0 98283.dat
1 19 270 -72 -320 0 0 1 0 1 0 -1 0 0 98283.dat
1 19 300 -72 -330 1 0 0 0 1 0 0 0 1 98283.dat
1 19 330 -72 -330 1 0 0 0 1 0 0 0 1 3005.dat
1 19 -300 -72 -310 1 0 0 0 1 0 0 0 1 3004.dat
1 19 -270 -72 -300 0 0 1 0 1 0 -1 0 0 30136.dat
1 19 300 -72 -310 1 0 0 0 1 0 0 0 1 3004.dat
1 19 330 -72 -300 0 0 1 0 1 0 -1 0 0 30136.dat
1 19 -330 -72 -280 0 0 1 0 1 0 -1 0 0 98283.dat
1 19 -300 -72 -290 1 0 0 0 1 0 0 0 1 3004.dat
1 19 -120 -72 -290 1 0 0 0 1 0 0 0 1 98283.dat
1 71 100 -72 -290 1 0 0 0 1 0 0 0 1 3004.dat
1 19 130 -72 -290 1 0 0 0 1 0 0 0 1 3005.dat
1 19 270 -72 -280 0 0 1 0 1 0 -1 0 0 98283.dat
1 19 300 -72 -290 1 0 0 0 1 0 0 0 1 3004.dat
1 19 -300 -72 -270 1 0 0 0 1 0 0 0 1 98283.dat
1 19 -270 -72 -270 1 0 0 0 1 0 0 0 1 3005.dat
1 19 -180 -72 -270 1 0 0 0 1 0 0 0 1 98283.dat
1 71 -140 -72 -270 1 0 0 0 1 0 0 0 1 3004.dat
1 71 100 -72 -240 0 0 1 0 1 0 -1 0 0 3001.dat
1 19 180 -72 -270 1 0 0 0 1 0 0 0 1 98283.dat
1 19 300 -72 -270 1 0 0 0 1 0 0 0 1 98283.dat
1 19 330 -72 -270 1 0 0 0 1 0 0 0 1 3005.dat
1 19 -210 -72 -250 1 0 0 0 1 0 0 0 1 3005.dat
1 19 -180 -72 -250 1 0 0 0 1 0 0 0 1 3004.dat
1 71 -150 -72 -250 1 0 0 0 1 0 0 0 1 3005.dat
1 71 -130 -72 -250 1 0 0 0 1 0 0 0 1 3005.dat
1 71 -60 -72 -220 0 0 1 0 1 0 -1 0 0 3001.dat
1 19 150 -72 -250 1 0 0 0 1 0 0 0 1 3005.dat
1 19 180 -72 -250 1 0 0 0 1 0 0 0 1 3004.dat
1 19 210 -72 -250 1 0 0 0 1 0 0 0 1 3005.dat
1 19 -270 -72 -220 0 0 1 0 1 0 -1 0 0 98283.dat
1 19 -240 -72 -230 1 0 0 0 1 0 0 0 1 98283.dat
1 19 -210 -72 -230 1 0 0 0 1 0 0 0 1 3005.dat
1 71 -180 -72 -230 1 0 0 0 1 0 0 0 1 3004.dat
1 71 -140 -72 -160 0 0 1 0 1 0 -1 0 0 3007.dat
1 71 -100 -72 -230 1 0 0 0 1 0 0 0 1 3004.dat
1 71 -20 -72 -230 1 0 0 0 1 0 0 0 1 3004.dat
1 71 60 -72 -230 1 0 0 0 1 0 0 0 1 3004.dat
1 71 140 -72 -230 1 0 0 0 1 0 0 0 1 3004.dat
1 71 180 -72 -200 0 0 1 0 1 0 -1 0 0 3001.dat
1 19 210 -72 -230 1 0 0 0 1 0 0 0 1 3005.dat
1 19 240 -72 -230 1 0 0 0 1 0 0 0 1 98283.dat
1 19 270 -72 -220 0 0 1 0 1 0 -1 0 0 98283.dat
1 19 360 -72 -230 1 0 0 0 1 0 0 0 1 98283.dat
1 19 400 -72 -230 1 0 0 0 1 0 0 0 1 98283.dat
1 19 -240 -72 -210 1 0 0 0 1 0 0 0 1 3004.dat
1 71 -210 -72 -210 1 0 0 0 1 0 0 0 1 3005.dat
1 71 20 -72 -140 0 0 1 0 1 0 -1 0 0 3007.dat
1 19 240 -72 -210 1 0 0 0 1 0 0 0 1 3004.dat
1 19 330 -72 -200 0 0 1 0 1 0 -1 0 0 98283.dat
1 19 370 -72 -200 1 0 0 0 1 0 0 0 1 3002.dat
1 19 410 -72 -180 0 0 1 0 1 0 -1 0 0 3010.dat
1 0 430 -72 -210 1 0 0 0 1 0 0 0 1 3005.dat
1 19 -270 -96 -180 0 0 1 0 1 0 -1 0 0 60592.dat
1 0 -250 -72 -180 0 0 1 0 1 0 -1 0 0 3004.dat
1 71 -220 -72 -160 0 0 1 0 1 0 -1 0 0 3001.dat
1 71 60 -72 -180 1 0 0 0 1 0 0 0 1 3003.dat
1 71 100 -72 -120 0 0 1 0 1 0 -1 0 0 3007.dat
1 0 250 -72 -180 0 0 1 0 1 0 -1 0 0 3004.dat
1 19 270 -96 -180 0 0 1 0 1 0 -1 0 0 60592.dat
1 19 430 -72 -180 0 0 1 0 1 0 -1 0 0 98283.dat
1 71 -60 -72 -100 0 0 1 0 1 0 -1 0 0 3007.dat
1 19 360 -72 -160 1 0 0 0 1 0 0 0 1 3001.dat
1 19 -310 -72 -140 0 0 1 0 1 0 -1 0 0 98283.dat
1 19 -290 -72 -150 1 0 0 0 1 0 0 0 1 3005.dat
1 71 180 -72 -120 0 0 1 0 1 0 -1 0 0 3001.dat
1 71 260 -72 -130 0 0 1 0 1 0 -1 0 0 3002.dat
1 19 300 -72 -150 1 0 0 0 1 0 0 0 1 98283.dat
1 0 430 -72 -150 1 0 0 0 1 0 0 0 1 3005.dat
1 19 -290 -72 -120 0 0 1 0 1 0 -1 0 0 3004.dat
1 19 300 -72 -120 1 0 0 0 1 0 0 0 1 3003.dat
1 19 360 -72 -130 1 0 0 0 1 0 0 0 1 98283.dat
1 19 400 -72 -130 1 0 0 0 1 0 0 0 1 98283.dat
1 19 -310 -72 -100 0 0 1 0 1 0 -1 0 0 98283.dat
1 71 -260 -72 -110 1 0 0 0 1 0 0 0 1 3004.dat
1 71 -220 -72 -80 0 0 1 0 1 0 -1 0 0 3001.dat
1 71 -180 -72 -110 1 0 0 0 1 0 0 0 1 3004.dat
1 71 -100 -72 -110 1 0 0 0 1 0 0 0 1 3004.dat
1 71 -20 -72 -110 1 0 0 0 1 0 0 0 1 3004.dat
1 71 60 -72 -110 1 0 0 0 1 0 0 0 1 3004.dat
1 71 140 -72 -110 1 0 0 0 1 0 0 0 1 3004.dat
1 71 220 -72 -110 1 0 0 0 1 0 0 0 1 3004.dat
1 19 -290 -72 -90 1 0 0 0 1 0 0 0 1 3005.dat
1 19 -270 -96 -80 0 0 1 0 1 0 -1 0 0 60592.dat
1 0 250 -72 -80 0 0 1 0 1 0 -1 0 0 3004.dat
1 19 270 -96 -80 0 0 1 0 1 0 -1 0 0 60592.dat
1 19 300 -72 -90 1 0 0 0 1 0 0 0 1 98283.dat
1 0 -250 -72 -70 1 0 0 0 1 0 0 0 1 3005.dat
1 71 -140 -72 0 0 0 1 0 1 0 -1 0 0 3007.dat
1 71 180 -72 -40 0 0 1 0 1 0 -1 0 0 3001.dat
1 19 -270 -72 -40 0 0 1 0 1 0 -1 0 0 98283.dat
1 19 -250 -72 -40 0 0 1 0 1 0 -1 0 0 3004.dat
1 71 20 -72 20 0 0 1 0 1 0 -1 0 0 3007.dat
1 19 250 -72 -40 0 0 1 0 1 0 -1 0 0 98283.dat
1 19 270 -72 -40 0 0 1 0 1 0 -1 0 0 98283.dat
1 19 360 -72 -50 1 0 0 0 1 0 0 0 1 98283.dat
1 19 400 -72 -50 1 0 0 0 1 0 0 0 1 98283.dat
1 71 -220 -72 0 0 0 1 0 1 0 -1 0 0 3001.dat
1 71 100 -72 40 0 0 1 0 1 0 -1 0 0 3007.dat
1 19 330 -72 -20 0 0 1 0 1 0 -1 0 0 98283.dat
1 19 370 -72 -20 1 0 0 0 1 0 0 0 1 3002.dat
1 19 410 -72 0 0 0 1 0 1 0 -1 0 0 3010.dat
1 0 430 -72 -30 1 0 0 0 1 0 0 0 1 3005.dat
1 19 -270 -72 -10 1 0 0 0 1 0 0 0 1 3005.dat
1 71 -250 -72 -10 1 0 0 0 1 0 0 0 1 3005.dat
1 71 -60 -72 60 0 0 1 0 1 0 -1 0 0 3007.dat
1 19 260 -72 -10 1 0 0 0 1 0 0 0 1 98283.dat
1 19 430 -72 0 0 0 1 0 1 0 -1 0 0 98283.dat
1 19 -270 -96 20 0 0 1 0 1 0 -1 0 0 60592.dat
1 0 -250 -72 20 0 0 1 0 1 0 -1 0 0 3004.dat
1 71 -180 -72 10 1 0 0 0 1 0 0 0 1 3004.dat
1 71 -100 -72 10 1 0 0 0 1 0 0 0 1 3004.dat
1 71 -20 -72 10 1 0 0 0 1 0 0 0 1 3004.dat
1 71 60 -72 20 1 0 0 0 1 0 0 0 1 3003.dat
1 71 140 -72 10 1 0 0 0 1 0 0 0 1 3004.dat
1 71 180 -72 40 0 0 1 0 1 0 -1 0 0 3001.dat
1 71 220 -72 10 1 0 0 0 1 0 0 0 1 3004.dat
1 0 250 -72 20 0 0 1 0 1 0 -1 0 0 3004.dat
1 19 270 -96 20 0 0 1 0 1 0 -1 0 0 60592.dat
1 19 330 -72 20 0 0 1 0 1 0 -1 0 0 98283.dat
1 19 370 -72 20 1 0 0 0 1 0 0 0 1 3002.dat
1 0 430 -72 30 1 0 0 0 1 0 0 0 1 3005.dat
1 19 -270 -72 60 0 0 1 0 1 0 -1 0 0 98283.dat
1 19 -250 -72 50 1 0 0 0 1 0 0 0 1 3005.dat
1 71 -220 -72 80 0 0 1 0 1 0 -1 0 0 3001.dat
1 19 250 -72 60 0 0 1 0 1 0 -1 0 0 98283.dat
1 19 270 -72 60 0 0 1 0 1 0 -1 0 0 98283.dat
1 19 360 -72 50 1 0 0 0 1 0 0 0 1 98283.dat
1 19 400 -72 50 1 0 0 0 1 0 0 0 1 98283.dat
1 19 -250 -72 70 1 0 0 0 1 0 0 0 1 3005.dat
1 19 -310 -72 100 0 0 1 0 1 0 -1 0 0 98283.dat
1 19 -290 -72 90 1 0 0 0 1 0 0 0 1 3005.dat
1 71 -140 -72 160 0 0 1 0 1 0 -1 0 0 3007.dat
1 71 180 -72 120 0 0 1 0 1 0 -1 0 0 3001.dat
1 71 260 -72 90 1 0 0 0 1 0 0 0 1 3004.dat
1 19 300 -72 90 1 0 0 0 1 0 0 0 1 98283.dat
1 19 -290 -72 120 0 0 1 0 1 0 -1 0 0 3004.dat
1 19 -270 -96 120 0 0 1 0 1 0 -1 0 0 60592.dat
1 71 20 -72 180 0 0 1 0 1 0 -1 0 0 3007.dat
1 0 250 -72 120 0 0 1 0 1 0 -1 0 0 3004.dat
1 19 270 -96 120 0 0 1 0 1 0 -1 0 0 60592.dat
1 19 300 -72 120 1 0 0 0 1 0 0 0 1 3003.dat
1 19 -310 -72 140 0 0 1 0 1 0 -1 0 0 98283.dat
1 0 -250 -72 130 1 0 0 0 1 0 0 0 1 3005.dat
1 71 -220 -72 160 0 0 1 0 1 0 -1 0 0 3001.dat
1 71 -180 -72 130 1 0 0 0 1 0 0 0 1 3004.dat
1 71 -100 -72 130 1 0 0 0 1 0 0 0 1 3004.dat
1 71 -20 -72 130 1 0 0 0 1 0 0 0 1 3004.dat
1 71 60 -72 130 1 0 0 0 1 0 0 0 1 3004.dat
1 71 100 -72 200 0 0 1 0 1 0 -1 0 0 3007.dat
1 71 140 -72 130 1 0 0 0 1 0 0 0 1 3004.dat
1 71 220 -72 130 1 0 0 0 1 0 0 0 1 3004.dat
1 19 360 -72 130 1 0 0 0 1 0 0 0 1 98283.dat
1 19 400 -72 130 1 0 0 0 1 0 0 0 1 98283.dat
1 19 -290 -72 150 1 0 0 0 1 0 0 0 1 3005.dat
1 71 -60 -72 180 0 0 1 0 1 0 -1 0 0 3001.dat
1 71 260 -72 150 1 0 0 0 1 0 0 0 1 3004.dat
1 19 300 -72 150 1 0 0 0 1 0 0 0 1 98283.dat
1 19 360 -72 160 1 0 0 0 1 0 0 0 1 3001.dat
1 19 410 -72 180 0 0 1 0 1 0 -1 0 0 3010.dat
1 0 430 -72 150 1 0 0 0 1 0 0 0 1 3005.dat
1 19 -260 -72 170 1 0 0 0 1 0 0 0 1 98283.dat
1 71 180 -72 200 0 0 1 0 1 0 -1 0 0 3001.dat
1 19 260 -72 170 1 0 0 0 1 0 0 0 1 98283.dat
1 19 430 -72 180 0 0 1 0 1 0 -1 0 0 98283.dat
1 0 -270 -72 190 1 0 0 0 1 0 0 0 1 3005.dat
1 19 -250 -72 190 1 0 0 0 1 0 0 0 1 3005.dat
1 19 250 -72 190 1 0 0 0 1 0 0 0 1 3005.dat
1 0 270 -72 190 1 0 0 0 1 0 0 0 1 3005.dat
1 19 330 -72 200 0 0 1 0 1 0 -1 0 0 98283.dat
1 19 370 -72 200 1 0 0 0 1 0 0 0 1 3002.dat
1 19 -270 -72 220 0 0 1 0 1 0 -1 0 0 98283.dat
1 19 -240 -72 210 1 0 0 0 1 0 0 0 1 3004.dat
1 71 -210 -72 210 1 0 0 0 1 0 0 0 1 3005.dat
1 71 60 -72 230 0 0 1 0 1 0 -1 0 0 3002.dat
1 19 240 -72 210 1 0 0 0 1 0 0 0 1 3004.dat
1 19 270 -72 220 0 0 1 0 1 0 -1 0 0 98283.dat
1 0 430 -72 210 1 0 0 0 1 0 0 0 1 3005.dat
1 19 -240 -72 230 1 0 0 0 1 0 0 0 1 98283.dat
1 19 -210 -72 230 1 0 0 0 1 0 0 0 1 3005.dat
1 71 -60 -72 260 0 0 1 0 1 0 -1 0 0 3001.dat
1 19 210 -72 240 0 0 1 0 1 0 -1 0 0 98283.dat
1 19 240 -72 230 1 0 0 0 1 0 0 0 1 98283.dat
1 19 360 -72 230 1 0 0 0 1 0 0 0 1 98283.dat
1 19 400 -72 230 1 0 0 0 1 0 0 0 1 98283.dat
1 19 -210 -72 250 1 0 0 0 1 0 0 0 1 3005.dat
1 19 -180 -72 250 1 0 0 0 1 0 0 0 1 3004.dat
1 71 -150 -72 250 1 0 0 0 1 0 0 0 1 3005.dat
1 71 -120 -72 250 1 0 0 0 1 0 0 0 1 3004.dat
1 71 -90 -72 250 1 0 0 0 1 0 0 0 1 3005.dat
1 71 -20 -72 250 1 0 0 0 1 0 0 0 1 3004.dat
1 71 130 -72 250 1 0 0 0 1 0 0 0 1 3005.dat
1 19 160 -72 250 1 0 0 0 1 0 0 0 1 3004.dat
1 19 190 -72 250 1 0 0 0 1 0 0 0 1 3005.dat
1 19 -330 -72 280 0 0 1 0 1 0 -1 0 0 98283.dat
1 19 -300 -72 270 1 0 0 0 1 0 0 0 1 98283.dat
1 19 -270 -72 270 1 0 0 0 1 0 0 0 1 3005.dat
1 19 -180 -72 270 1 0 0 0 1 0 0 0 1 98283.dat
1 19 -150 -72 270 1 0 0 0 1 0 0 0 1 3005.dat
1 19 -130 -72 270 1 0 0 0 1 0 0 0 1 3005.dat
1 71 20 -72 290 0 0 1 0 1 0 -1 0 0 3002.dat
1 19 130 -72 270 1 0 0 0 1 0 0 0 1 3005.dat
1 19 160 -72 270 1 0 0 0 1 0 0 0 1 98283.dat
1 19 190 -72 270 1 0 0 0 1 0 0 0 1 3005.dat
1 19 270 -72 280 0 0 1 0 1 0 -1 0 0 98283.dat
1 19 300 -72 270 1 0 0 0 1 0 0 0 1 98283.dat
1 19 330 -72 270 1 0 0 0 1 0 0 0 1 3005.dat
1 19 -300 -72 290 1 0 0 0 1 0 0 0 1 3004.dat
1 19 -270 -72 300 0 0 1 0 1 0 -1 0 0 30136.dat
1 19 -120 -72 290 1 0 0 0 1 0 0 0 1 98283.dat
1 71 90 -72 300 0 0 1 0 1 0 -1 0 0 3004.dat
1 71 110 -72 290 1 0 0 0 1 0 0 0 1 3005.dat
1 19 130 -72 290 1 0 0 0 1 0 0 0 1 3005.dat
1 19 300 -72 290 1 0 0 0 1 0 0 0 1 3004.dat
1 19 330 -72 300 0 0 1 0 1 0 -1 0 0 30136.dat
1 19 -330 -72 320 0 0 1 0 1 0 -1 0 0 98283.dat
1 19 -300 -72 310 1 0 0 0 1 0 0 0 1 3004.dat
1 19 -110 -72 310 1 0 0 0 1 0 0 0 1 3005.dat
1 19 -90 -72 310 1 0 0 0 1 0 0 0 1 3005.dat
1 71 -60 -72 310 1 0 0 0 1 0 0 0 1 3004.dat
1 19 70 -72 310 1 0 0 0 1 0 0 0 1 3005.dat
1 19 110 -72 310 1 0 0 0 1 0 0 0 1 3005.dat
1 19 270 -72 320 0 0 1 0 1 0 -1 0 0 98283.dat
1 19 300 -72 310 1 0 0 0 1 0 0 0 1 3004.dat
1 19 -300 -72 330 1 0 0 0 1 0 0 0 1 98283.dat
1 19 -270 -72 330 1 0 0 0 1 0 0 0 1 3005.dat
1 19 -90 -72 330 1 0 0 0 1 0 0 0 1 3005.dat
1 19 -60 -72 330 1 0 0 0 1 0 0 0 1 3004.dat
1 19 -30 -72 330 1 0 0 0 1 0 0 0 1 3005.dat
1 0 0 -72 340 1 0 0 0 1 0 0 0 1 3003.dat
1 19 40 -72 330 1 0 0 0 1 0 0 0 1 3004.dat
1 19 70 -72 330 1 0 0 0 1 0 0 0 1 3005.dat
1 19 90 -72 330 1 0 0 0 1 0 0 0 1 3005.dat
1 19 300 -72 330 1 0 0 0 1 0 0 0 1 98283.dat
1 19 330 -72 330 1 0 0 0 1 0 0 0 1 3005.dat
1 19 -40 -72 350 1 0 0 0 1 0 0 0 1 98283.dat
1 19 40 -72 350 1 0 0 0 1 0 0 0 1 98283.dat
1 19 370 -72 370 1 0 0 0 1 0 0 0 1 3062b.dat
1 19 430 -72 370 1 0 0 0 1 0 0 0 1 3062b.dat
1 19 370 -72 430 1 0 0 0 1 0 0 0 1 3062b.dat
1 19 430 -72 430 1 0 0 0 1 0 0 0 1 3062b.dat
0 STEP
0 // Layer bottom 9 plates / 28.8 mm
1 19 -140 -96 -400 1 0 0 0 1 0 0 0 1 3003.dat
1 0 -110 -96 -410 1 0 0 0 1 0 0 0 1 3005.dat
1 19 -80 -96 -400 1 0 0 0 1 0 0 0 1 3003.dat
1 0 -50 -96 -410 1 0 0 0 1 0 0 0 1 3005.dat
1 19 -20 -96 -400 1 0 0 0 1 0 0 0 1 3003.dat
1 0 10 -96 -410 1 0 0 0 1 0 0 0 1 3005.dat
1 19 40 -96 -400 1 0 0 0 1 0 0 0 1 3003.dat
1 0 70 -96 -410 1 0 0 0 1 0 0 0 1 3005.dat
1 19 100 -96 -400 1 0 0 0 1 0 0 0 1 3003.dat
1 0 130 -96 -410 1 0 0 0 1 0 0 0 1 3005.dat
1 19 150 -96 -400 0 0 1 0 1 0 -1 0 0 3004.dat
1 19 -110 -96 -390 1 0 0 0 1 0 0 0 1 3005.dat
1 19 -50 -96 -390 1 0 0 0 1 0 0 0 1 3005.dat
1 19 10 -96 -390 1 0 0 0 1 0 0 0 1 3005.dat
1 19 70 -96 -390 1 0 0 0 1 0 0 0 1 3005.dat
1 19 130 -96 -390 1 0 0 0 1 0 0 0 1 3005.dat
1 19 -140 -96 -340 0 0 1 0 1 0 -1 0 0 3001.dat
1 71 -110 -96 -370 1 0 0 0 1 0 0 0 1 3005.dat
1 19 -70 -96 -360 1 0 0 0 1 0 0 0 1 3002.dat
1 71 40 -96 -360 1 0 0 0 1 0 0 0 1 3007.dat
1 19 140 -96 -340 0 0 1 0 1 0 -1 0 0 3001.dat
1 19 -110 -96 -350 1 0 0 0 1 0 0 0 1 3005.dat
1 19 -320 -96 -310 1 0 0 0 1 0 0 0 1 3039.dat
1 19 -280 -96 -310 1 0 0 0 1 0 0 0 1 3039.dat
1 71 -60 -96 -300 0 0 1 0 1 0 -1 0 0 3001.dat
1 71 20 -96 -260 0 0 1 0 1 0 -1 0 0 3007.dat
1 71 100 -96 -320 1 0 0 0 1 0 0 0 1 3003.dat
1 19 280 -96 -310 1 0 0 0 1 0 0 0 1 3039.dat
1 19 320 -96 -310 1 0 0 0 1 0 0 0 1 3039.dat
1 19 -320 -96 -290 -1 0 0 0 1 0 0 0 -1 3039.dat
1 19 -280 -96 -290 -1 0 0 0 1 0 0 0 -1 3039.dat
1 19 -120 -96 -290 1 0 0 0 1 0 0 0 1 3004.dat
1 71 90 -96 -290 1 0 0 0 1 0 0 0 1 3005.dat
1 19 120 -96 -290 1 0 0 0 1 0 0 0 1 3004.dat
1 19 280 -96 -290 -1 0 0 0 1 0 0 0 -1 3039.dat
1 19 320 -96 -290 -1 0 0 0 1 0 0 0 -1 3039.dat
1 19 -180 -96 -260 1 0 0 0 1 0 0 0 1 3003.dat
1 71 -150 -96 -270 1 0 0 0 1 0 0 0 1 3005.dat
1 71 -130 -96 -260 0 0 1 0 1 0 -1 0 0 3004.dat
1 71 100 -96 -240 0 0 1 0 1 0 -1 0 0 3001.dat
1 19 180 -96 -260 1 0 0 0 1 0 0 0 1 3003.dat
1 19 -210 -96 -240 0 0 1 0 1 0 -1 0 0 3004.dat
1 71 -150 -96 -250 1 0 0 0 1 0 0 0 1 3005.dat
1 71 -60 -96 -220 0 0 1 0 1 0 -1 0 0 3001.dat
1 19 150 -96 -250 1 0 0 0 1 0 0 0 1 3005.dat
1 19 210 -96 -240 0 0 1 0 1 0 -1 0 0 3004.dat
1 19 -250 -96 -220 1 0 0 0 1 0 0 0 1 3002.dat
1 71 -180 -96 -230 1 0 0 0 1 0 0 0 1 3004.dat
1 71 -140 -96 -160 0 0 1 0 1 0 -1 0 0 3007.dat
1 71 -100 -96 -230 1 0 0 0 1 0 0 0 1 3004.dat
1 71 -20 -96 -230 1 0 0 0 1 0 0 0 1 3004.dat
1 71 60 -96 -230 1 0 0 0 1 0 0 0 1 3004.dat
1 71 140 -96 -230 1 0 0 0 1 0 0 0 1 3004.dat
1 71 180 -96 -200 0 0 1 0 1 0 -1 0 0 3001.dat
1 19 250 -96 -220 1 0 0 0 1 0 0 0 1 3002.dat
1 19 360 -96 -200 0 0 1 0 1 0 -1 0 0 3001.dat
1 19 400 -96 -200 0 0 1 0 1 0 -1 0 0 3001.dat
1 71 -210 -96 -210 1 0 0 0 1 0 0 0 1 3005.dat
1 19 330 -96 -180 0 0 1 0 1 0 -1 0 0 3010.dat
1 0 430 -96 -210 1 0 0 0 1 0 0 0 1 3005.dat
1 0 -250 -96 -180 0 0 1 0 1 0 -1 0 0 3004.dat
1 71 -220 -96 -160 0 0 1 0 1 0 -1 0 0 3001.dat
1 71 60 -96 -180 1 0 0 0 1 0 0 0 1 3003.dat
1 71 100 -96 -120 0 0 1 0 1 0 -1 0 0 3007.dat
1 0 250 -96 -180 0 0 1 0 1 0 -1 0 0 3004.dat
1 19 430 -96 -180 0 0 1 0 1 0 -1 0 0 3004.dat
1 71 -60 -96 -100 0 0 1 0 1 0 -1 0 0 3007.dat
1 71 20 -96 -100 0 0 1 0 1 0 -1 0 0 3007.dat
1 19 -300 -96 -120 0 0 1 0 1 0 -1 0 0 3001.dat
1 71 180 -96 -120 0 0 1 0 1 0 -1 0 0 3001.dat
1 71 260 -96 -130 0 0 1 0 1 0 -1 0 0 3002.dat
1 19 300 -96 -120 0 0 1 0 1 0 -1 0 0 3001.dat
1 19 380 -96 -140 1 0 0 0 1 0 0 0 1 3001.dat
1 0 430 -96 -150 1 0 0 0 1 0 0 0 1 3005.dat
1 71 -260 -96 -110 1 0 0 0 1 0 0 0 1 3004.dat
1 71 -220 -96 -80 0 0 1 0 1 0 -1 0 0 3001.dat
1 71 -180 -96 -110 1 0 0 0 1 0 0 0 1 3004.dat
1 71 -100 -96 -110 1 0 0 0 1 0 0 0 1 3004.dat
1 71 -20 -96 -110 1 0 0 0 1 0 0 0 1 3004.dat
1 71 60 -96 -110 1 0 0 0 1 0 0 0 1 3004.dat
1 71 140 -96 -110 1 0 0 0 1 0 0 0 1 3004.dat
1 71 220 -96 -110 1 0 0 0 1 0 0 0 1 3004.dat
1 0 250 -96 -80 0 0 1 0 1 0 -1 0 0 3004.dat
1 0 -250 -96 -70 1 0 0 0 1 0 0 0 1 3005.dat
1 71 -140 -96 0 0 0 1 0 1 0 -1 0 0 3007.dat
1 71 180 -96 -40 0 0 1 0 1 0 -1 0 0 3001.dat
1 19 -260 -96 -30 0 0 1 0 1 0 -1 0 0 3002.dat
1 19 260 -96 -30 0 0 1 0 1 0 -1 0 0 3002.dat
1 19 360 -96 -20 0 0 1 0 1 0 -1 0 0 3001.dat
1 19 400 -96 -20 0 0 1 0 1 0 -1 0 0 3001.dat
1 71 -220 -96 0 0 0 1 0 1 0 -1 0 0 3001.dat
1 71 100 -96 40 0 0 1 0 1 0 -1 0 0 3007.dat
1 19 330 -96 0 0 0 1 0 1 0 -1 0 0 3010.dat
1 0 430 -96 -30 1 0 0 0 1 0 0 0 1 3005.dat
1 71 -60 -96 60 0 0 1 0 1 0 -1 0 0 3007.dat
1 71 20 -96 60 0 0 1 0 1 0 -1 0 0 3007.dat
1 19 430 -96 0 0 0 1 0 1 0 -1 0 0 3004.dat
1 0 -250 -96 20 0 0 1 0 1 0 -1 0 0 3004.dat
1 71 -180 -96 10 1 0 0 0 1 0 0 0 1 3004.dat
1 71 -100 -96 10 1 0 0 0 1 0 0 0 1 3004.dat
1 71 -20 -96 10 1 0 0 0 1 0 0 0 1 3004.dat
1 71 60 -96 20 1 0 0 0 1 0 0 0 1 3003.dat
1 71 140 -96 10 1 0 0 0 1 0 0 0 1 3004.dat
1 71 180 -96 40 0 0 1 0 1 0 -1 0 0 3001.dat
1 71 220 -96 10 1 0 0 0 1 0 0 0 1 3004.dat
1 0 250 -96 20 0 0 1 0 1 0 -1 0 0 3004.dat
1 19 380 -96 40 1 0 0 0 1 0 0 0 1 3001.dat
1 0 430 -96 30 1 0 0 0 1 0 0 0 1 3005.dat
1 19 -260 -96 60 1 0 0 0 1 0 0 0 1 3003.dat
1 71 -220 -96 80 0 0 1 0 1 0 -1 0 0 3001.dat
1 19 260 -96 60 1 0 0 0 1 0 0 0 1 3003.dat
1 19 -300 -96 120 0 0 1 0 1 0 -1 0 0 3001.dat
1 71 -140 -96 160 0 0 1 0 1 0 -1 0 0 3007.dat
1 71 180 -96 120 0 0 1 0 1 0 -1 0 0 3001.dat
1 71 260 -96 90 1 0 0 0 1 0 0 0 1 3004.dat
1 19 300 -96 120 0 0 1 0 1 0 -1 0 0 3001.dat
1 0 250 -96 120 0 0 1 0 1 0 -1 0 0 3004.dat
1 0 -250 -96 130 1 0 0 0 1 0 0 0 1 3005.dat
1 71 -220 -96 160 0 0 1 0 1 0 -1 0 0 3001.dat
1 71 -180 -96 130 1 0 0 0 1 0 0 0 1 3004.dat
1 71 -100 -96 130 1 0 0 0 1 0 0 0 1 3004.dat
1 71 -20 -96 130 1 0 0 0 1 0 0 0 1 3004.dat
1 71 60 -96 130 1 0 0 0 1 0 0 0 1 3004.dat
1 71 100 -96 200 0 0 1 0 1 0 -1 0 0 3007.dat
1 71 140 -96 130 1 0 0 0 1 0 0 0 1 3004.dat
1 71 220 -96 130 1 0 0 0 1 0 0 0 1 3004.dat
1 19 360 -96 160 0 0 1 0 1 0 -1 0 0 3001.dat
1 19 400 -96 160 0 0 1 0 1 0 -1 0 0 3001.dat
1 71 -60 -96 180 0 0 1 0 1 0 -1 0 0 3001.dat
1 71 20 -96 220 0 0 1 0 1 0 -1 0 0 3007.dat
1 71 260 -96 150 1 0 0 0 1 0 0 0 1 3004.dat
1 19 330 -96 180 0 0 1 0 1 0 -1 0 0 3010.dat
1 0 430 -96 150 1 0 0 0 1 0 0 0 1 3005.dat
1 19 -270 -96 170 1 0 0 0 1 0 0 0 1 3005.dat
1 19 -250 -96 180 0 0 1 0 1 0 -1 0 0 3004.dat
1 71 180 -96 200 0 0 1 0 1 0 -1 0 0 3001.dat
1 19 250 -96 180 0 0 1 0 1 0 -1 0 0 3004.dat
1 19 270 -96 170 1 0 0 0 1 0 0 0 1 3005.dat
1 19 430 -96 180 0 0 1 0 1 0 -1 0 0 3004.dat
1 0 -270 -96 190 1 0 0 0 1 0 0 0 1 3005.dat
1 0 270 -96 190 1 0 0 0 1 0 0 0 1 3005.dat
1 19 -250 -96 220 1 0 0 0 1 0 0 0 1 3002.dat
1 71 -210 -96 210 1 0 0 0 1 0 0 0 1 3005.dat
1 71 60 -96 230 0 0 1 0 1 0 -1 0 0 3002.dat
1 19 250 -96 220 1 0 0 0 1 0 0 0 1 3002.dat
1 19 380 -96 220 1 0 0 0 1 0 0 0 1 3001.dat
1 0 430 -96 210 1 0 0 0 1 0 0 0 1 3005.dat
1 19 -210 -96 240 0 0 1 0 1 0 -1 0 0 3004.dat
1 71 -60 -96 260 0 0 1 0 1 0 -1 0 0 3001.dat
1 19 210 -96 240 0 0 1 0 1 0 -1 0 0 3004.dat
1 19 -170 -96 260 1 0 0 0 1 0 0 0 1 3002.dat
1 71 -120 -96 250 1 0 0 0 1 0 0 0 1 3004.dat
1 71 -90 -96 250 1 0 0 0 1 0 0 0 1 3005.dat
1 71 -20 -96 250 1 0 0 0 1 0 0 0 1 3004.dat
1 71 130 -96 250 1 0 0 0 1 0 0 0 1 3005.dat
1 19 170 -96 260 1 0 0 0 1 0 0 0 1 3002.dat
1 19 -320 -96 290 1 0 0 0 1 0 0 0 1 3039.dat
1 19 -280 -96 290 1 0 0 0 1 0 0 0 1 3039.dat
1 19 -130 -96 280 0 0 1 0 1 0 -1 0 0 3004.dat
1 19 130 -96 280 0 0 1 0 1 0 -1 0 0 3004.dat
1 19 280 -96 290 1 0 0 0 1 0 0 0 1 3039.dat
1 19 320 -96 290 1 0 0 0 1 0 0 0 1 3039.dat
1 19 -110 -96 300 0 0 1 0 1 0 -1 0 0 3004.dat
1 71 90 -96 290 1 0 0 0 1 0 0 0 1 3005.dat
1 19 110 -96 300 0 0 1 0 1 0 -1 0 0 3004.dat
1 19 -320 -96 310 -1 0 0 0 1 0 0 0 -1 3039.dat
1 19 -280 -96 310 -1 0 0 0 1 0 0 0 -1 3039.dat
1 19 -80 -96 320 1 0 0 0 1 0 0 0 1 3003.dat
1 71 -50 -96 310 1 0 0 0 1 0 0 0 1 3005.dat
1 71 20 -96 310 1 0 0 0 1 0 0 0 1 3004.dat
1 19 80 -96 320 1 0 0 0 1 0 0 0 1 3003.dat
1 19 280 -96 310 -1 0 0 0 1 0 0 0 -1 3039.dat
1 19 320 -96 310 -1 0 0 0 1 0 0 0 -1 3039.dat
1 19 -40 -96 340 1 0 0 0 1 0 0 0 1 3003.dat
1 0 0 -96 340 1 0 0 0 1 0 0 0 1 3003.dat
1 19 40 -96 340 1 0 0 0 1 0 0 0 1 3003.dat
1 19 400 -80 400 1 0 0 0 1 0 0 0 1 3031.dat
0 STEP
0 // Layer bottom 10 plates / 32 mm
1 71 400 -88 400 1 0 0 0 1 0 0 0 1 4032.dat
0 STEP
0 // Layer bottom 11 plates / 35.2 mm
1 71 400 -120 400 1 0 0 0 1 0 0 0 1 49308.dat
0 STEP
0 // Layer bottom 12 plates / 38.4 mm
1 19 -140 -120 -410 1 0 0 0 1 0 0 0 1 98283.dat
1 0 -110 -120 -410 1 0 0 0 1 0 0 0 1 3005.dat
1 19 -80 -120 -410 1 0 0 0 1 0 0 0 1 98283.dat
1 0 -50 -120 -410 1 0 0 0 1 0 0 0 1 3005.dat
1 19 -20 -120 -410 1 0 0 0 1 0 0 0 1 98283.dat
1 0 10 -120 -410 1 0 0 0 1 0 0 0 1 3005.dat
1 19 40 -120 -410 1 0 0 0 1 0 0 0 1 98283.dat
1 0 70 -120 -410 1 0 0 0 1 0 0 0 1 3005.dat
1 19 100 -120 -410 1 0 0 0 1 0 0 0 1 98283.dat
1 0 130 -120 -410 1 0 0 0 1 0 0 0 1 3005.dat
1 19 150 -120 -410 1 0 0 0 1 0 0 0 1 3005.dat
1 19 -150 -120 -390 1 0 0 0 1 0 0 0 1 3005.dat
1 19 -120 -120 -390 1 0 0 0 1 0 0 0 1 3004.dat
1 19 -90 -120 -390 1 0 0 0 1 0 0 0 1 3005.dat
1 19 -40 -120 -390 1 0 0 0 1 0 0 0 1 3010.dat
1 19 40 -120 -390 1 0 0 0 1 0 0 0 1 3010.dat
1 19 100 -120 -390 1 0 0 0 1 0 0 0 1 3004.dat
1 19 130 -120 -390 1 0 0 0 1 0 0 0 1 3005.dat
1 19 150 -120 -390 1 0 0 0 1 0 0 0 1 3005.dat
1 84 -150 -120 -360 0 0 1 0 1 0 -1 0 0 98283.dat
1 84 -110 -120 -360 1 0 0 0 1 0 0 0 1 3002.dat
1 71 -40 -120 -360 1 0 0 0 1 0 0 0 1 3001.dat
1 71 20 -120 -300 0 0 1 0 1 0 -1 0 0 3007.dat
1 71 60 -120 -360 1 0 0 0 1 0 0 0 1 3003.dat
1 84 110 -120 -360 1 0 0 0 1 0 0 0 1 3002.dat
1 84 150 -120 -360 0 0 1 0 1 0 -1 0 0 98283.dat
1 84 -150 -120 -320 0 0 1 0 1 0 -1 0 0 98283.dat
1 84 -130 -120 -320 0 0 1 0 1 0 -1 0 0 98283.dat
1 71 -60 -120 -300 0 0 1 0 1 0 -1 0 0 3001.dat
1 71 100 -120 -310 0 0 1 0 1 0 -1 0 0 3002.dat
1 84 130 -120 -320 0 0 1 0 1 0 -1 0 0 3004.dat
1 84 150 -120 -320 0 0 1 0 1 0 -1 0 0 98283.dat
1 19 -300 -120 -300 1 0 0 0 1 0 0 0 1 3941.dat
1 19 300 -120 -300 1 0 0 0 1 0 0 0 1 3941.dat
1 84 -120 -120 -290 1 0 0 0 1 0 0 0 1 98283.dat
1 84 130 -120 -290 1 0 0 0 1 0 0 0 1 3005.dat
1 84 -180 -120 -270 1 0 0 0 1 0 0 0 1 98283.dat
1 71 -140 -120 -270 1 0 0 0 1 0 0 0 1 3004.dat
1 71 100 -120 -240 0 0 1 0 1 0 -1 0 0 3001.dat
1 84 180 -120 -270 1 0 0 0 1 0 0 0 1 98283.dat
1 84 -210 -120 -250 1 0 0 0 1 0 0 0 1 3005.dat
1 84 -180 -120 -250 1 0 0 0 1 0 0 0 1 3004.dat
1 71 -150 -120 -250 1 0 0 0 1 0 0 0 1 3005.dat
1 71 -130 -120 -250 1 0 0 0 1 0 0 0 1 3005.dat
1 71 -60 -120 -220 0 0 1 0 1 0 -1 0 0 3001.dat
1 84 150 -120 -250 1 0 0 0 1 0 0 0 1 3005.dat
1 84 180 -120 -250 1 0 0 0 1 0 0 0 1 3004.dat
1 84 210 -120 -250 1 0 0 0 1 0 0 0 1 3005.dat
1 84 -270 -120 -220 0 0 1 0 1 0 -1 0 0 98283.dat
1 84 -250 -120 -230 1 0 0 0 1 0 0 0 1 3005.dat
1 84 -220 -120 -230 1 0 0 0 1 0 0 0 1 3004.dat
1 71 -180 -120 -230 1 0 0 0 1 0 0 0 1 3004.dat
1 71 -140 -120 -160 0 0 1 0 1 0 -1 0 0 3007.dat
1 71 -100 -120 -230 1 0 0 0 1 0 0 0 1 3004.dat
1 71 -20 -120 -230 1 0 0 0 1 0 0 0 1 3004.dat
1 71 60 -120 -230 1 0 0 0 1 0 0 0 1 3004.dat
1 71 140 -120 -230 1 0 0 0 1 0 0 0 1 3004.dat
1 71 180 -120 -200 0 0 1 0 1 0 -1 0 0 3001.dat
1 84 220 -120 -230 1 0 0 0 1 0 0 0 1 3004.dat
1 84 250 -120 -230 1 0 0 0 1 0 0 0 1 3005.dat
1 84 270 -120 -220 0 0 1 0 1 0 -1 0 0 98283.dat
1 19 360 -120 -230 1 0 0 0 1 0 0 0 1 98283.dat
1 19 400 -120 -230 1 0 0 0 1 0 0 0 1 98283.dat
1 84 -250 -120 -200 0 0 1 0 1 0 -1 0 0 3004.dat
1 71 -220 -120 -210 1 0 0 0 1 0 0 0 1 3004.dat
1 71 20 -120 -140 0 0 1 0 1 0 -1 0 0 3007.dat
1 84 230 -120 -210 1 0 0 0 1 0 0 0 1 3005.dat
1 84 250 -120 -200 0 0 1 0 1 0 -1 0 0 3004.dat
1 19 330 -120 -200 0 0 1 0 1 0 -1 0 0 98283.dat
1 19 370 -120 -200 1 0 0 0 1 0 0 0 1 3002.dat
1 19 410 -120 -180 0 0 1 0 1 0 -1 0 0 3010.dat
1 19 430 -120 -200 0 0 1 0 1 0 -1 0 0 98283.dat
1 84 -270 -120 -180 0 0 1 0 1 0 -1 0 0 98283.dat
1 71 -220 -120 -160 0 0 1 0 1 0 -1 0 0 3001.dat
1 71 60 -120 -180 1 0 0 0 1 0 0 0 1 3003.dat
1 71 100 -120 -120 0 0 1 0 1 0 -1 0 0 3007.dat
1 84 270 -120 -180 0 0 1 0 1 0 -1 0 0 98283.dat
1 84 -250 -120 -170 1 0 0 0 1 0 0 0 1 3005.dat
1 71 -60 -120 -100 0 0 1 0 1 0 -1 0 0 3007.dat
1 84 250 -120 -170 1 0 0 0 1 0 0 0 1 3005.dat
1 19 360 -120 -160 1 0 0 0 1 0 0 0 1 3001.dat
1 19 430 -120 -160 0 0 1 0 1 0 -1 0 0 98283.dat
1 84 -310 -120 -140 0 0 1 0 1 0 -1 0 0 98283.dat
1 84 -290 -120 -150 1 0 0 0 1 0 0 0 1 3005.dat
1 71 180 -120 -120 0 0 1 0 1 0 -1 0 0 3001.dat
1 71 260 -120 -120 0 0 1 0 1 0 -1 0 0 3001.dat
1 84 300 -120 -150 1 0 0 0 1 0 0 0 1 98283.dat
1 84 -290 -120 -120 0 0 1 0 1 0 -1 0 0 3004.dat
1 84 300 -120 -120 1 0 0 0 1 0 0 0 1 3003.dat
1 19 360 -120 -130 1 0 0 0 1 0 0 0 1 98283.dat
1 19 400 -120 -130 1 0 0 0 1 0 0 0 1 98283.dat
1 84 -310 -120 -100 0 0 1 0 1 0 -1 0 0 98283.dat
1 71 -260 -120 -110 1 0 0 0 1 0 0 0 1 3004.dat
1 71 -220 -120 -80 0 0 1 0 1 0 -1 0 0 3001.dat
1 71 -180 -120 -110 1 0 0 0 1 0 0 0 1 3004.dat
1 71 -100 -120 -110 1 0 0 0 1 0 0 0 1 3004.dat
1 71 -20 -120 -110 1 0 0 0 1 0 0 0 1 3004.dat
1 71 60 -120 -110 1 0 0 0 1 0 0 0 1 3004.dat
1 71 140 -120 -110 1 0 0 0 1 0 0 0 1 3004.dat
1 71 220 -120 -110 1 0 0 0 1 0 0 0 1 3004.dat
1 84 -290 -120 -90 1 0 0 0 1 0 0 0 1 3005.dat
1 84 300 -120 -90 1 0 0 0 1 0 0 0 1 98283.dat
1 84 -270 -120 -60 0 0 1 0 1 0 -1 0 0 98283.dat
1 84 -250 -120 -70 1 0 0 0 1 0 0 0 1 3005.dat
1 71 -140 -120 0 0 0 1 0 1 0 -1 0 0 3007.dat
1 71 180 -120 -40 0 0 1 0 1 0 -1 0 0 3001.dat
1 84 250 -120 -60 0 0 1 0 1 0 -1 0 0 98283.dat
1 84 270 -120 -60 0 0 1 0 1 0 -1 0 0 98283.dat
1 84 -250 -120 -40 0 0 1 0 1 0 -1 0 0 3004.dat
1 71 20 -120 20 0 0 1 0 1 0 -1 0 0 3007.dat
1 19 360 -120 -50 1 0 0 0 1 0 0 0 1 98283.dat
1 19 400 -120 -50 1 0 0 0 1 0 0 0 1 98283.dat
1 84 -270 -120 -20 0 0 1 0 1 0 -1 0 0 98283.dat
1 71 -220 -120 0 0 0 1 0 1 0 -1 0 0 3001.dat
1 71 100 -120 40 0 0 1 0 1 0 -1 0 0 3007.dat
1 84 250 -120 -20 0 0 1 0 1 0 -1 0 0 98283.dat
1 84 270 -120 -20 0 0 1 0 1 0 -1 0 0 98283.dat
1 19 330 -120 -20 0 0 1 0 1 0 -1 0 0 98283.dat
1 19 370 -120 -20 1 0 0 0 1 0 0 0 1 3002.dat
1 19 410 -120 0 0 0 1 0 1 0 -1 0 0 3010.dat
1 19 430 -120 -20 0 0 1 0 1 0 -1 0 0 98283.dat
1 84 -250 -120 -10 1 0 0 0 1 0 0 0 1 3005.dat
1 71 -60 -120 60 0 0 1 0 1 0 -1 0 0 3007.dat
1 84 -270 -120 20 0 0 1 0 1 0 -1 0 0 98283.dat
1 84 -250 -120 20 0 0 1 0 1 0 -1 0 0 3004.dat
1 71 -180 -120 10 1 0 0 0 1 0 0 0 1 3004.dat
1 71 -100 -120 10 1 0 0 0 1 0 0 0 1 3004.dat
1 71 -20 -120 10 1 0 0 0 1 0 0 0 1 3004.dat
1 71 60 -120 20 1 0 0 0 1 0 0 0 1 3003.dat
1 71 140 -120 10 1 0 0 0 1 0 0 0 1 3004.dat
1 71 180 -120 40 0 0 1 0 1 0 -1 0 0 3001.dat
1 71 220 -120 10 1 0 0 0 1 0 0 0 1 3004.dat
1 84 250 -120 40 0 0 1 0 1 0 -1 0 0 3010.dat
1 84 270 -120 20 0 0 1 0 1 0 -1 0 0 98283.dat
1 19 330 -120 20 0 0 1 0 1 0 -1 0 0 98283.dat
1 19 370 -120 20 1 0 0 0 1 0 0 0 1 3002.dat
1 19 430 -120 20 0 0 1 0 1 0 -1 0 0 98283.dat
1 84 -270 -120 60 0 0 1 0 1 0 -1 0 0 98283.dat
1 84 -250 -120 50 1 0 0 0 1 0 0 0 1 3005.dat
1 71 -220 -120 80 0 0 1 0 1 0 -1 0 0 3001.dat
1 84 270 -120 60 0 0 1 0 1 0 -1 0 0 98283.dat
1 19 360 -120 50 1 0 0 0 1 0 0 0 1 98283.dat
1 19 400 -120 50 1 0 0 0 1 0 0 0 1 98283.dat
1 84 -250 -120 70 1 0 0 0 1 0 0 0 1 3005.dat
1 84 -310 -120 100 0 0 1 0 1 0 -1 0 0 98283.dat
1 84 -290 -120 90 1 0 0 0 1 0 0 0 1 3005.dat
1 71 -140 -120 160 0 0 1 0 1 0 -1 0 0 3007.dat
1 71 180 -120 120 0 0 1 0 1 0 -1 0 0 3001.dat
1 71 260 -120 120 0 0 1 0 1 0 -1 0 0 3001.dat
1 84 300 -120 90 1 0 0 0 1 0 0 0 1 98283.dat
1 84 -290 -120 120 0 0 1 0 1 0 -1 0 0 3004.dat
1 71 20 -120 180 0 0 1 0 1 0 -1 0 0 3007.dat
1 84 300 -120 120 1 0 0 0 1 0 0 0 1 3003.dat
1 84 -310 -120 140 0 0 1 0 1 0 -1 0 0 98283.dat
1 71 -260 -120 130 1 0 0 0 1 0 0 0 1 3004.dat
1 71 -220 -120 160 0 0 1 0 1 0 -1 0 0 3001.dat
1 71 -180 -120 130 1 0 0 0 1 0 0 0 1 3004.dat
1 71 -100 -120 130 1 0 0 0 1 0 0 0 1 3004.dat
1 71 -20 -120 130 1 0 0 0 1 0 0 0 1 3004.dat
1 71 60 -120 130 1 0 0 0 1 0 0 0 1 3004.dat
1 71 100 -120 200 0 0 1 0 1 0 -1 0 0 3007.dat
1 71 140 -120 130 1 0 0 0 1 0 0 0 1 3004.dat
1 71 220 -120 130 1 0 0 0 1 0 0 0 1 3004.dat
1 71 380 -104 160 1 0 0 0 1 0 0 0 1 3031.dat
1 84 -290 -120 150 1 0 0 0 1 0 0 0 1 3005.dat
1 71 -60 -120 180 0 0 1 0 1 0 -1 0 0 3001.dat
1 84 300 -120 150 1 0 0 0 1 0 0 0 1 98283.dat
1 71 330 -104 160 0 0 1 0 1 0 -1 0 0 3023.dat
1 71 430 -104 160 0 0 1 0 1 0 -1 0 0 3023.dat
1 84 -270 -120 180 0 0 1 0 1 0 -1 0 0 98283.dat
1 84 -250 -120 170 1 0 0 0 1 0 0 0 1 3005.dat
1 71 180 -120 200 0 0 1 0 1 0 -1 0 0 3001.dat
1 84 250 -120 180 0 0 1 0 1 0 -1 0 0 3004.dat
1 84 270 -120 180 0 0 1 0 1 0 -1 0 0 98283.dat
1 84 -250 -120 200 0 0 1 0 1 0 -1 0 0 3004.dat
1 71 330 -104 200 0 0 1 0 1 0 -1 0 0 3023.dat
1 71 430 -104 200 0 0 1 0 1 0 -1 0 0 3023.dat
1 84 -270 -120 220 0 0 1 0 1 0 -1 0 0 98283.dat
1 71 -220 -120 210 1 0 0 0 1 0 0 0 1 3004.dat
1 71 60 -120 230 0 0 1 0 1 0 -1 0 0 3002.dat
1 84 230 -120 210 1 0 0 0 1 0 0 0 1 3005.dat
1 84 250 -120 210 1 0 0 0 1 0 0 0 1 3005.dat
1 84 270 -120 220 0 0 1 0 1 0 -1 0 0 98283.dat
1 71 380 -104 220 1 0 0 0 1 0 0 0 1 3020.dat
1 84 -250 -120 230 1 0 0 0 1 0 0 0 1 3005.dat
1 84 -230 -120 230 1 0 0 0 1 0 0 0 1 3005.dat
1 84 -210 -120 230 1 0 0 0 1 0 0 0 1 3005.dat
1 71 -60 -120 260 0 0 1 0 1 0 -1 0 0 3001.dat
1 84 220 -120 230 1 0 0 0 1 0 0 0 1 3004.dat
1 84 250 -120 230 1 0 0 0 1 0 0 0 1 3005.dat
1 84 -210 -120 250 1 0 0 0 1 0 0 0 1 3005.dat
1 84 -180 -120 250 1 0 0 0 1 0 0 0 1 3004.dat
1 71 -150 -120 250 1 0 0 0 1 0 0 0 1 3005.dat
1 71 -120 -120 250 1 0 0 0 1 0 0 0 1 3004.dat
1 71 -90 -120 250 1 0 0 0 1 0 0 0 1 3005.dat
1 71 -20 -120 250 1 0 0 0 1 0 0 0 1 3004.dat
1 71 130 -120 250 1 0 0 0 1 0 0 0 1 3005.dat
1 84 160 -120 250 1 0 0 0 1 0 0 0 1 3004.dat
1 71 190 -120 250 1 0 0 0 1 0 0 0 1 3005.dat
1 84 210 -120 250 1 0 0 0 1 0 0 0 1 3005.dat
1 84 -180 -120 270 1 0 0 0 1 0 0 0 1 98283.dat
1 84 -150 -120 270 1 0 0 0 1 0 0 0 1 3005.dat
1 84 -130 -120 270 1 0 0 0 1 0 0 0 1 3005.dat
1 71 20 -120 290 0 0 1 0 1 0 -1 0 0 3002.dat
1 84 130 -120 270 1 0 0 0 1 0 0 0 1 3005.dat
1 84 160 -120 270 1 0 0 0 1 0 0 0 1 98283.dat
1 84 190 -120 270 1 0 0 0 1 0 0 0 1 3005.dat
1 19 -300 -120 300 1 0 0 0 1 0 0 0 1 3941.dat
1 84 -120 -120 290 1 0 0 0 1 0 0 0 1 98283.dat
1 71 90 -120 300 0 0 1 0 1 0 -1 0 0 3004.dat
1 71 110 -120 290 1 0 0 0 1 0 0 0 1 3005.dat
1 84 130 -120 290 1 0 0 0 1 0 0 0 1 3005.dat
1 70 300 -120 300 1 0 0 0 1 0 0 0 1 3941.dat
1 84 -110 -120 310 1 0 0 0 1 0 0 0 1 3005.dat
1 84 -80 -120 310 1 0 0 0 1 0 0 0 1 3004.dat
1 71 -50 -120 310 1 0 0 0 1 0 0 0 1 3005.dat
1 84 70 -120 310 1 0 0 0 1 0 0 0 1 3005.dat
1 84 110 -120 310 1 0 0 0 1 0 0 0 1 3005.dat
1 84 -80 -120 330 1 0 0 0 1 0 0 0 1 98283.dat
1 84 -20 -120 330 1 0 0 0 1 0 0 0 1 3010.dat
1 84 40 -120 330 1 0 0 0 1 0 0 0 1 3004.dat
1 84 70 -120 330 1 0 0 0 1 0 0 0 1 3005.dat
1 84 90 -120 330 1 0 0 0 1 0 0 0 1 3005.dat
1 84 -40 -120 350 1 0 0 0 1 0 0 0 1 98283.dat
1 84 0 -120 350 1 0 0 0 1 0 0 0 1 98283.dat
1 84 40 -120 350 1 0 0 0 1 0 0 0 1 98283.dat
0 STEP
0 // Layer bottom 13 plates / 41.6 mm
1 71 350 -104 130 1 0 0 0 1 0 0 0 1 54200.dat
1 71 380 -112 130 1 0 0 0 1 0 0 0 1 3023.dat
1 71 410 -112 140 0 0 1 0 1 0 -1 0 0 3023.dat
1 71 360 -112 180 1 0 0 0 1 0 0 0 1 3031.dat
1 71 430 -104 150 0 0 -1 0 1 0 1 0 0 54200.dat
1 71 420 -112 180 1 0 0 0 1 0 0 0 1 3022.dat
1 71 410 -112 220 0 0 1 0 1 0 -1 0 0 3023.dat
1 71 430 -104 210 0 0 -1 0 1 0 1 0 0 54200.dat
1 71 350 -104 230 -1 0 0 0 1 0 0 0 -1 54200.dat
1 71 380 -112 230 1 0 0 0 1 0 0 0 1 3023.dat
0 STEP
0 // Layer bottom 14 plates / 44.8 mm
1 71 380 -120 160 0 0 1 0 1 0 -1 0 0 3020.dat
1 71 350 -120 150 1 0 0 0 1 0 0 0 1 3024.dat
1 71 410 -120 150 1 0 0 0 1 0 0 0 1 3024.dat
1 71 340 -120 180 1 0 0 0 1 0 0 0 1 3022.dat
1 71 420 -120 180 1 0 0 0 1 0 0 0 1 3022.dat
1 71 350 -120 210 1 0 0 0 1 0 0 0 1 3024.dat
1 71 380 -120 220 1 0 0 0 1 0 0 0 1 3022.dat
1 71 410 -120 210 1 0 0 0 1 0 0 0 1 3024.dat
1 71 410 -112 140 1 0 0 0 1 0 0 0 1 11477.dat
1 71 340 -112 150 0 0 1 0 1 0 -1 0 0 11477.dat
1 71 340 -112 210 0 0 1 0 1 0 -1 0 0 11477.dat
1 71 410 -112 220 -1 0 0 0 1 0 0 0 -1 11477.dat
0 STEP
0 // Layer bottom 15 plates / 48 mm
1 19 -120 -144 -400 1 0 0 0 1 0 0 0 1 3001.dat
1 19 -40 -144 -400 1 0 0 0 1 0 0 0 1 3001.dat
1 19 40 -144 -400 1 0 0 0 1 0 0 0 1 3001.dat
1 19 120 -144 -400 1 0 0 0 1 0 0 0 1 3001.dat
1 84 -140 -144 -340 0 0 1 0 1 0 -1 0 0 3001.dat
1 84 -80 -144 -360 1 0 0 0 1 0 0 0 1 3001.dat
1 71 40 -144 -360 1 0 0 0 1 0 0 0 1 3007.dat
1 84 140 -144 -340 0 0 1 0 1 0 -1 0 0 3001.dat
1 71 -60 -144 -300 0 0 1 0 1 0 -1 0 0 3001.dat
1 71 20 -144 -260 0 0 1 0 1 0 -1 0 0 3007.dat
1 71 100 -144 -320 1 0 0 0 1 0 0 0 1 3003.dat
1 19 -300 -144 -300 1 0 0 0 1 0 0 0 1 3941.dat
1 19 300 -144 -300 1 0 0 0 1 0 0 0 1 3941.dat
1 84 -120 -144 -290 1 0 0 0 1 0 0 0 1 3004.dat
1 71 90 -144 -290 1 0 0 0 1 0 0 0 1 3005.dat
1 84 120 -144 -290 1 0 0 0 1 0 0 0 1 3004.dat
1 84 -180 -144 -260 1 0 0 0 1 0 0 0 1 3003.dat
1 71 -150 -144 -270 1 0 0 0 1 0 0 0 1 3005.dat
1 71 -130 -144 -260 0 0 1 0 1 0 -1 0 0 3004.dat
1 71 100 -144 -240 0 0 1 0 1 0 -1 0 0 3001.dat
1 84 180 -144 -260 1 0 0 0 1 0 0 0 1 3003.dat
1 84 -210 -144 -240 0 0 1 0 1 0 -1 0 0 3004.dat
1 71 -150 -144 -250 1 0 0 0 1 0 0 0 1 3005.dat
1 71 -60 -144 -220 0 0 1 0 1 0 -1 0 0 3001.dat
1 84 150 -144 -250 1 0 0 0 1 0 0 0 1 3005.dat
1 84 210 -144 -240 0 0 1 0 1 0 -1 0 0 3004.dat
1 84 -260 -144 -200 0 0 1 0 1 0 -1 0 0 3001.dat
1 84 -230 -144 -220 0 0 1 0 1 0 -1 0 0 3004.dat
1 71 -180 -144 -230 1 0 0 0 1 0 0 0 1 3004.dat
1 71 -140 -144 -160 0 0 1 0 1 0 -1 0 0 3007.dat
1 71 -100 -144 -230 1 0 0 0 1 0 0 0 1 3004.dat
1 71 -20 -144 -230 1 0 0 0 1 0 0 0 1 3004.dat
1 71 60 -144 -230 1 0 0 0 1 0 0 0 1 3004.dat
1 71 140 -144 -230 1 0 0 0 1 0 0 0 1 3004.dat
1 71 180 -144 -200 0 0 1 0 1 0 -1 0 0 3001.dat
1 84 230 -144 -220 0 0 1 0 1 0 -1 0 0 3004.dat
1 84 260 -144 -200 0 0 1 0 1 0 -1 0 0 3001.dat
1 19 360 -144 -200 0 0 1 0 1 0 -1 0 0 3001.dat
1 19 400 -144 -200 0 0 1 0 1 0 -1 0 0 3001.dat
1 71 -210 -144 -210 1 0 0 0 1 0 0 0 1 3005.dat
1 19 330 -144 -180 0 0 1 0 1 0 -1 0 0 3010.dat
1 19 430 -144 -180 0 0 1 0 1 0 -1 0 0 3010.dat
1 71 -220 -144 -160 0 0 1 0 1 0 -1 0 0 3001.dat
1 71 60 -144 -180 1 0 0 0 1 0 0 0 1 3003.dat
1 71 100 -144 -120 0 0 1 0 1 0 -1 0 0 3007.dat
1 71 -60 -144 -100 0 0 1 0 1 0 -1 0 0 3007.dat
1 71 20 -144 -100 0 0 1 0 1 0 -1 0 0 3007.dat
1 84 -300 -144 -120 0 0 1 0 1 0 -1 0 0 3001.dat
1 71 180 -144 -120 0 0 1 0 1 0 -1 0 0 3001.dat
1 71 260 -144 -120 0 0 1 0 1 0 -1 0 0 3001.dat
1 84 300 -144 -120 0 0 1 0 1 0 -1 0 0 3001.dat
1 19 380 -144 -140 1 0 0 0 1 0 0 0 1 3001.dat
1 71 -260 -144 -110 1 0 0 0 1 0 0 0 1 3004.dat
1 71 -220 -144 -80 0 0 1 0 1 0 -1 0 0 3001.dat
1 71 -180 -144 -110 1 0 0 0 1 0 0 0 1 3004.dat
1 71 -100 -144 -110 1 0 0 0 1 0 0 0 1 3004.dat
1 71 -20 -144 -110 1 0 0 0 1 0 0 0 1 3004.dat
1 71 60 -144 -110 1 0 0 0 1 0 0 0 1 3004.dat
1 71 140 -144 -110 1 0 0 0 1 0 0 0 1 3004.dat
1 71 220 -144 -110 1 0 0 0 1 0 0 0 1 3004.dat
1 84 -260 -144 -40 0 0 1 0 1 0 -1 0 0 3001.dat
1 71 -140 -144 0 0 0 1 0 1 0 -1 0 0 3007.dat
1 71 180 -144 -40 0 0 1 0 1 0 -1 0 0 3001.dat
1 84 260 -144 -40 0 0 1 0 1 0 -1 0 0 3001.dat
1 71 360 -128 -50 1 0 0 0 1 0 0 0 1 3023.dat
1 71 400 -128 -50 1 0 0 0 1 0 0 0 1 3023.dat
1 71 -220 -144 0 0 0 1 0 1 0 -1 0 0 3001.dat
1 71 100 -144 40 0 0 1 0 1 0 -1 0 0 3007.dat
1 71 360 -128 0 1 0 0 0 1 0 0 0 1 3031.dat
1 71 420 -128 0 0 0 1 0 1 0 -1 0 0 3020.dat
1 71 -60 -144 60 0 0 1 0 1 0 -1 0 0 3007.dat
1 71 20 -144 60 0 0 1 0 1 0 -1 0 0 3007.dat
1 84 -260 -144 40 0 0 1 0 1 0 -1 0 0 3001.dat
1 71 -180 -144 10 1 0 0 0 1 0 0 0 1 3004.dat
1 71 -100 -144 10 1 0 0 0 1 0 0 0 1 3004.dat
1 71 -20 -144 10 1 0 0 0 1 0 0 0 1 3004.dat
1 71 60 -144 20 1 0 0 0 1 0 0 0 1 3003.dat
1 71 140 -144 10 1 0 0 0 1 0 0 0 1 3004.dat
1 71 180 -144 40 0 0 1 0 1 0 -1 0 0 3001.dat
1 71 220 -144 10 1 0 0 0 1 0 0 0 1 3004.dat
1 84 260 -144 40 0 0 1 0 1 0 -1 0 0 3001.dat
1 71 -220 -144 80 0 0 1 0 1 0 -1 0 0 3001.dat
1 71 360 -128 50 1 0 0 0 1 0 0 0 1 3023.dat
1 71 400 -128 50 1 0 0 0 1 0 0 0 1 3023.dat
1 84 -300 -144 120 0 0 1 0 1 0 -1 0 0 3001.dat
1 71 -140 -144 160 0 0 1 0 1 0 -1 0 0 3007.dat
1 71 180 -144 120 0 0 1 0 1 0 -1 0 0 3001.dat
1 71 260 -144 120 0 0 1 0 1 0 -1 0 0 3001.dat
1 84 300 -144 120 0 0 1 0 1 0 -1 0 0 3001.dat
1 71 -260 -144 130 1 0 0 0 1 0 0 0 1 3004.dat
1 71 -220 -144 160 0 0 1 0 1 0 -1 0 0 3001.dat
1 71 -180 -144 130 1 0 0 0 1 0 0 0 1 3004.dat
1 71 -100 -144 130 1 0 0 0 1 0 0 0 1 3004.dat
1 71 -20 -144 130 1 0 0 0 1 0 0 0 1 3004.dat
1 71 60 -144 130 1 0 0 0 1 0 0 0 1 3004.dat
1 71 100 -144 200 0 0 1 0 1 0 -1 0 0 3007.dat
1 71 140 -144 130 1 0 0 0 1 0 0 0 1 3004.dat
1 71 220 -144 130 1 0 0 0 1 0 0 0 1 3004.dat
1 71 -60 -144 180 0 0 1 0 1 0 -1 0 0 3001.dat
1 71 20 -144 220 0 0 1 0 1 0 -1 0 0 3007.dat
1 71 380 -128 150 1 0 0 0 1 0 0 0 1 3023.dat
1 84 -260 -144 200 0 0 1 0 1 0 -1 0 0 3001.dat
1 71 180 -144 200 0 0 1 0 1 0 -1 0 0 3001.dat
1 84 260 -144 200 0 0 1 0 1 0 -1 0 0 3001.dat
1 71 350 -128 180 0 0 1 0 1 0 -1 0 0 3023.dat
1 71 380 -128 180 1 0 0 0 1 0 0 0 1 3022.dat
1 71 410 -128 180 0 0 1 0 1 0 -1 0 0 3023.dat
1 84 -230 -144 220 0 0 1 0 1 0 -1 0 0 3004.dat
1 71 -210 -144 210 1 0 0 0 1 0 0 0 1 3005.dat
1 71 60 -144 230 0 0 1 0 1 0 -1 0 0 3002.dat
1 84 230 -144 220 0 0 1 0 1 0 -1 0 0 3004.dat
1 71 380 -128 210 1 0 0 0 1 0 0 0 1 3023.dat
1 84 -210 -144 240 0 0 1 0 1 0 -1 0 0 3004.dat
1 71 -60 -144 260 0 0 1 0 1 0 -1 0 0 3001.dat
1 84 210 -144 240 0 0 1 0 1 0 -1 0 0 3004.dat
1 84 -170 -144 260 1 0 0 0 1 0 0 0 1 3002.dat
1 71 -120 -144 250 1 0 0 0 1 0 0 0 1 3004.dat
1 71 -90 -144 250 1 0 0 0 1 0 0 0 1 3005.dat
1 71 -20 -144 250 1 0 0 0 1 0 0 0 1 3004.dat
1 71 130 -144 250 1 0 0 0 1 0 0 0 1 3005.dat
1 84 170 -144 260 1 0 0 0 1 0 0 0 1 3002.dat
1 84 -130 -144 280 0 0 1 0 1 0 -1 0 0 3004.dat
1 84 130 -144 280 0 0 1 0 1 0 -1 0 0 3004.dat
1 19 -300 -144 300 1 0 0 0 1 0 0 0 1 3941.dat
1 84 -110 -144 300 0 0 1 0 1 0 -1 0 0 3004.dat
1 71 90 -144 290 1 0 0 0 1 0 0 0 1 3005.dat
1 84 110 -144 300 0 0 1 0 1 0 -1 0 0 3004.dat
1 70 300 -144 300 1 0 0 0 1 0 0 0 1 3941.dat
1 84 -80 -144 320 1 0 0 0 1 0 0 0 1 3003.dat
1 71 -50 -144 310 1 0 0 0 1 0 0 0 1 3005.dat
1 71 20 -144 310 1 0 0 0 1 0 0 0 1 3004.dat
1 84 80 -144 320 1 0 0 0 1 0 0 0 1 3003.dat
1 84 -40 -144 340 1 0 0 0 1 0 0 0 1 3003.dat
1 0 0 -144 340 1 0 0 0 1 0 0 0 1 3003.dat
1 84 40 -144 340 1 0 0 0 1 0 0 0 1 3003.dat
1 71 400 -128 400 1 0 0 0 1 0 0 0 1 4740.dat
1 71 380 -120 140 1 0 0 0 1 0 0 0 1 15068.dat
1 71 340 -120 180 0 0 1 0 1 0 -1 0 0 15068.dat
1 71 420 -120 180 0 0 -1 0 1 0 1 0 0 15068.dat
1 71 380 -120 220 -1 0 0 0 1 0 0 0 -1 15068.dat
0 STEP
0 // Layer bottom 16 plates / 51.2 mm
1 71 350 -128 -50 1 0 0 0 1 0 0 0 1 54200.dat
1 71 380 -136 -50 1 0 0 0 1 0 0 0 1 3023.dat
1 71 410 -136 -40 0 0 1 0 1 0 -1 0 0 3023.dat
1 71 360 -136 0 1 0 0 0 1 0 0 0 1 3031.dat
1 71 430 -128 -30 0 0 -1 0 1 0 1 0 0 54200.dat
1 71 420 -136 0 1 0 0 0 1 0 0 0 1 3022.dat
1 71 410 -136 40 0 0 1 0 1 0 -1 0 0 3023.dat
1 71 430 -128 30 0 0 -1 0 1 0 1 0 0 54200.dat
1 71 350 -128 50 -1 0 0 0 1 0 0 0 -1 54200.dat
1 71 380 -136 50 1 0 0 0 1 0 0 0 1 3023.dat
1 71 380 -136 180 1 0 0 0 1 0 0 0 1 3022.dat
1 297 400 -136 400 1 0 0 0 1 0 0 0 1 4073.dat
0 STEP
0 // Layer bottom 17 plates / 54.4 mm
1 71 380 -144 -40 1 0 0 0 1 0 0 0 1 3022.dat
1 71 350 -144 -30 1 0 0 0 1 0 0 0 1 3024.dat
1 71 410 -144 -30 1 0 0 0 1 0 0 0 1 3024.dat
1 71 360 -144 0 1 0 0 0 1 0 0 0 1 3020.dat
1 71 420 -144 0 1 0 0 0 1 0 0 0 1 3022.dat
1 71 350 -144 30 1 0 0 0 1 0 0 0 1 3024.dat
1 71 380 -144 40 1 0 0 0 1 0 0 0 1 3022.dat
1 71 410 -144 30 1 0 0 0 1 0 0 0 1 3024.dat
1 71 380 -144 180 1 0 0 0 1 0 0 0 1 87580.dat
1 71 410 -136 -40 1 0 0 0 1 0 0 0 1 11477.dat
1 71 340 -136 -30 0 0 1 0 1 0 -1 0 0 11477.dat
1 71 340 -136 30 0 0 1 0 1 0 -1 0 0 11477.dat
1 71 410 -136 40 -1 0 0 0 1 0 0 0 -1 11477.dat
0 STEP
0 // Layer bottom 18 plates / 57.6 mm
1 19 -150 -168 -400 0 0 1 0 1 0 -1 0 0 98283.dat
1 19 -120 -168 -410 1 0 0 0 1 0 0 0 1 98283.dat
1 19 -90 -168 -410 1 0 0 0 1 0 0 0 1 3005.dat
1 19 -60 -168 -410 1 0 0 0 1 0 0 0 1 98283.dat
1 19 -20 -168 -410 1 0 0 0 1 0 0 0 1 98283.dat
1 19 20 -168 -410 1 0 0 0 1 0 0 0 1 98283.dat
1 19 60 -168 -410 1 0 0 0 1 0 0 0 1 98283.dat
1 19 100 -168 -410 1 0 0 0 1 0 0 0 1 98283.dat
1 19 130 -168 -410 1 0 0 0 1 0 0 0 1 3005.dat
1 19 150 -168 -400 0 0 1 0 1 0 -1 0 0 98283.dat
1 19 -120 -168 -390 1 0 0 0 1 0 0 0 1 3004.dat
1 19 -90 -168 -390 1 0 0 0 1 0 0 0 1 3005.dat
1 19 -40 -168 -390 1 0 0 0 1 0 0 0 1 3010.dat
1 19 40 -168 -390 1 0 0 0 1 0 0 0 1 3010.dat
1 19 100 -168 -390 1 0 0 0 1 0 0 0 1 3004.dat
1 19 130 -168 -390 1 0 0 0 1 0 0 0 1 3005.dat
1 84 -150 -168 -360 0 0 1 0 1 0 -1 0 0 98283.dat
1 84 -110 -168 -360 1 0 0 0 1 0 0 0 1 3002.dat
1 71 -40 -168 -360 1 0 0 0 1 0 0 0 1 3001.dat
1 71 20 -168 -300 0 0 1 0 1 0 -1 0 0 3007.dat
1 71 60 -168 -360 1 0 0 0 1 0 0 0 1 3003.dat
1 84 110 -168 -360 1 0 0 0 1 0 0 0 1 3002.dat
1 84 150 -168 -360 0 0 1 0 1 0 -1 0 0 98283.dat
1 84 -150 -168 -320 0 0 1 0 1 0 -1 0 0 98283.dat
1 84 -130 -168 -320 0 0 1 0 1 0 -1 0 0 98283.dat
1 71 -60 -168 -300 0 0 1 0 1 0 -1 0 0 3001.dat
1 71 100 -168 -310 0 0 1 0 1 0 -1 0 0 3002.dat
1 84 130 -168 -320 0 0 1 0 1 0 -1 0 0 3004.dat
1 84 150 -168 -320 0 0 1 0 1 0 -1 0 0 98283.dat
1 19 -300 -168 -300 1 0 0 0 1 0 0 0 1 3941.dat
1 19 300 -168 -300 1 0 0 0 1 0 0 0 1 3941.dat
1 84 -120 -168 -290 1 0 0 0 1 0 0 0 1 98283.dat
1 84 130 -168 -290 1 0 0 0 1 0 0 0 1 3005.dat
1 84 -180 -168 -270 1 0 0 0 1 0 0 0 1 98283.dat
1 71 -140 -168 -270 1 0 0 0 1 0 0 0 1 3004.dat
1 71 100 -168 -240 0 0 1 0 1 0 -1 0 0 3001.dat
1 84 180 -168 -270 1 0 0 0 1 0 0 0 1 98283.dat
1 84 -210 -168 -250 1 0 0 0 1 0 0 0 1 3005.dat
1 84 -180 -168 -250 1 0 0 0 1 0 0 0 1 3004.dat
1 71 -150 -168 -250 1 0 0 0 1 0 0 0 1 3005.dat
1 71 -130 -168 -250 1 0 0 0 1 0 0 0 1 3005.dat
1 71 -60 -168 -220 0 0 1 0 1 0 -1 0 0 3001.dat
1 84 150 -168 -250 1 0 0 0 1 0 0 0 1 3005.dat
1 84 180 -168 -250 1 0 0 0 1 0 0 0 1 3004.dat
1 84 210 -168 -250 1 0 0 0 1 0 0 0 1 3005.dat
1 84 -270 -168 -220 0 0 1 0 1 0 -1 0 0 98283.dat
1 84 -250 -168 -230 1 0 0 0 1 0 0 0 1 3005.dat
1 84 -220 -168 -230 1 0 0 0 1 0 0 0 1 3004.dat
1 71 -180 -168 -230 1 0 0 0 1 0 0 0 1 3004.dat
1 71 -140 -168 -160 0 0 1 0 1 0 -1 0 0 3007.dat
1 71 -100 -168 -230 1 0 0 0 1 0 0 0 1 3004.dat
1 71 -20 -168 -230 1 0 0 0 1 0 0 0 1 3004.dat
1 71 60 -168 -230 1 0 0 0 1 0 0 0 1 3004.dat
1 71 140 -168 -230 1 0 0 0 1 0 0 0 1 3004.dat
1 71 180 -168 -200 0 0 1 0 1 0 -1 0 0 3001.dat
1 84 220 -168 -230 1 0 0 0 1 0 0 0 1 3004.dat
1 84 250 -168 -230 1 0 0 0 1 0 0 0 1 3005.dat
1 84 270 -168 -220 0 0 1 0 1 0 -1 0 0 98283.dat
1 71 380 -152 -200 1 0 0 0 1 0 0 0 1 3031.dat
1 84 -250 -168 -200 0 0 1 0 1 0 -1 0 0 3004.dat
1 71 -220 -168 -210 1 0 0 0 1 0 0 0 1 3004.dat
1 71 20 -168 -140 0 0 1 0 1 0 -1 0 0 3007.dat
1 84 230 -168 -210 1 0 0 0 1 0 0 0 1 3005.dat
1 84 250 -168 -200 0 0 1 0 1 0 -1 0 0 3004.dat
1 71 330 -152 -200 0 0 1 0 1 0 -1 0 0 3023.dat
1 71 430 -152 -200 0 0 1 0 1 0 -1 0 0 3023.dat
1 84 -270 -168 -180 0 0 1 0 1 0 -1 0 0 98283.dat
1 71 -220 -168 -160 0 0 1 0 1 0 -1 0 0 3001.dat
1 71 60 -168 -180 1 0 0 0 1 0 0 0 1 3003.dat
1 71 100 -168 -120 0 0 1 0 1 0 -1 0 0 3007.dat
1 84 270 -168 -180 0 0 1 0 1 0 -1 0 0 98283.dat
1 84 -250 -168 -170 1 0 0 0 1 0 0 0 1 3005.dat
1 71 -60 -168 -100 0 0 1 0 1 0 -1 0 0 3007.dat
1 84 250 -168 -170 1 0 0 0 1 0 0 0 1 3005.dat
1 71 330 -152 -160 0 0 1 0 1 0 -1 0 0 3023.dat
1 71 430 -152 -160 0 0 1 0 1 0 -1 0 0 3023.dat
1 84 -310 -168 -140 0 0 1 0 1 0 -1 0 0 98283.dat
1 84 -290 -168 -150 1 0 0 0 1 0 0 0 1 3005.dat
1 71 180 -168 -120 0 0 1 0 1 0 -1 0 0 3001.dat
1 71 260 -168 -120 0 0 1 0 1 0 -1 0 0 3001.dat
1 84 300 -168 -150 1 0 0 0 1 0 0 0 1 98283.dat
1 71 380 -152 -140 1 0 0 0 1 0 0 0 1 3020.dat
1 84 -290 -168 -120 0 0 1 0 1 0 -1 0 0 3004.dat
1 84 300 -168 -120 1 0 0 0 1 0 0 0 1 3003.dat
1 84 -310 -168 -100 0 0 1 0 1 0 -1 0 0 98283.dat
1 71 -260 -168 -110 1 0 0 0 1 0 0 0 1 3004.dat
1 71 -220 -168 -80 0 0 1 0 1 0 -1 0 0 3001.dat
1 71 -180 -168 -110 1 0 0 0 1 0 0 0 1 3004.dat
1 71 -100 -168 -110 1 0 0 0 1 0 0 0 1 3004.dat
1 71 -20 -168 -110 1 0 0 0 1 0 0 0 1 3004.dat
1 71 60 -168 -110 1 0 0 0 1 0 0 0 1 3004.dat
1 71 140 -168 -110 1 0 0 0 1 0 0 0 1 3004.dat
1 71 220 -168 -110 1 0 0 0 1 0 0 0 1 3004.dat
1 84 -290 -168 -90 1 0 0 0 1 0 0 0 1 3005.dat
1 84 300 -168 -90 1 0 0 0 1 0 0 0 1 98283.dat
1 84 -270 -168 -60 0 0 1 0 1 0 -1 0 0 98283.dat
1 84 -250 -168 -70 1 0 0 0 1 0 0 0 1 3005.dat
1 71 -140 -168 0 0 0 1 0 1 0 -1 0 0 3007.dat
1 71 180 -168 -40 0 0 1 0 1 0 -1 0 0 3001.dat
1 84 250 -168 -60 0 0 1 0 1 0 -1 0 0 98283.dat
1 84 270 -168 -60 0 0 1 0 1 0 -1 0 0 98283.dat
1 84 -250 -168 -40 0 0 1 0 1 0 -1 0 0 3004.dat
1 71 20 -168 20 0 0 1 0 1 0 -1 0 0 3007.dat
1 84 -270 -168 -20 0 0 1 0 1 0 -1 0 0 98283.dat
1 71 -220 -168 0 0 0 1 0 1 0 -1 0 0 3001.dat
1 71 100 -168 40 0 0 1 0 1 0 -1 0 0 3007.dat
1 84 250 -168 -20 0 0 1 0 1 0 -1 0 0 98283.dat
1 84 270 -168 -20 0 0 1 0 1 0 -1 0 0 98283.dat
1 71 380 -152 -30 1 0 0 0 1 0 0 0 1 3023.dat
1 84 -250 -168 -10 1 0 0 0 1 0 0 0 1 3005.dat
1 71 -60 -168 60 0 0 1 0 1 0 -1 0 0 3007.dat
1 71 350 -152 0 0 0 1 0 1 0 -1 0 0 3023.dat
1 71 380 -152 0 1 0 0 0 1 0 0 0 1 3022.dat
1 71 410 -152 0 0 0 1 0 1 0 -1 0 0 3023.dat
1 84 -270 -168 20 0 0 1 0 1 0 -1 0 0 98283.dat
1 84 -250 -168 20 0 0 1 0 1 0 -1 0 0 3004.dat
1 71 -180 -168 10 1 0 0 0 1 0 0 0 1 3004.dat
1 71 -100 -168 10 1 0 0 0 1 0 0 0 1 3004.dat
1 71 -20 -168 10 1 0 0 0 1 0 0 0 1 3004.dat
1 71 60 -168 20 1 0 0 0 1 0 0 0 1 3003.dat
1 71 140 -168 10 1 0 0 0 1 0 0 0 1 3004.dat
1 71 180 -168 40 0 0 1 0 1 0 -1 0 0 3001.dat
1 71 220 -168 10 1 0 0 0 1 0 0 0 1 3004.dat
1 84 250 -168 40 0 0 1 0 1 0 -1 0 0 3010.dat
1 84 270 -168 20 0 0 1 0 1 0 -1 0 0 98283.dat
1 71 380 -152 30 1 0 0 0 1 0 0 0 1 3023.dat
1 84 -270 -168 60 0 0 1 0 1 0 -1 0 0 98283.dat
1 84 -250 -168 50 1 0 0 0 1 0 0 0 1 3005.dat
1 71 -220 -168 80 0 0 1 0 1 0 -1 0 0 3001.dat
1 84 270 -168 60 0 0 1 0 1 0 -1 0 0 98283.dat
1 84 -250 -168 70 1 0 0 0 1 0 0 0 1 3005.dat
1 84 -310 -168 100 0 0 1 0 1 0 -1 0 0 98283.dat
1 84 -290 -168 90 1 0 0 0 1 0 0 0 1 3005.dat
1 71 -140 -168 160 0 0 1 0 1 0 -1 0 0 3007.dat
1 71 180 -168 120 0 0 1 0 1 0 -1 0 0 3001.dat
1 71 260 -168 120 0 0 1 0 1 0 -1 0 0 3001.dat
1 84 290 -168 90 1 0 0 0 1 0 0 0 1 3005.dat
1 84 310 -168 100 0 0 1 0 1 0 -1 0 0 98283.dat
1 84 -290 -168 120 0 0 1 0 1 0 -1 0 0 3004.dat
1 71 20 -168 180 0 0 1 0 1 0 -1 0 0 3007.dat
1 84 290 -168 120 0 0 1 0 1 0 -1 0 0 3004.dat
1 84 -310 -168 140 0 0 1 0 1 0 -1 0 0 98283.dat
1 71 -260 -168 130 1 0 0 0 1 0 0 0 1 3004.dat
1 71 -220 -168 160 0 0 1 0 1 0 -1 0 0 3001.dat
1 71 -180 -168 130 1 0 0 0 1 0 0 0 1 3004.dat
1 71 -100 -168 130 1 0 0 0 1 0 0 0 1 3004.dat
1 71 -20 -168 130 1 0 0 0 1 0 0 0 1 3004.dat
1 71 60 -168 130 1 0 0 0 1 0 0 0 1 3004.dat
1 71 100 -168 200 0 0 1 0 1 0 -1 0 0 3007.dat
1 71 140 -168 130 1 0 0 0 1 0 0 0 1 3004.dat
1 71 220 -168 130 1 0 0 0 1 0 0 0 1 3004.dat
1 84 310 -168 140 0 0 1 0 1 0 -1 0 0 98283.dat
1 84 -290 -168 150 1 0 0 0 1 0 0 0 1 3005.dat
1 71 -60 -168 180 0 0 1 0 1 0 -1 0 0 3001.dat
1 84 290 -168 150 1 0 0 0 1 0 0 0 1 3005.dat
1 84 -270 -168 180 0 0 1 0 1 0 -1 0 0 98283.dat
1 84 -250 -168 170 1 0 0 0 1 0 0 0 1 3005.dat
1 71 180 -168 200 0 0 1 0 1 0 -1 0 0 3001.dat
1 84 250 -168 180 0 0 1 0 1 0 -1 0 0 3004.dat
1 84 270 -168 180 0 0 1 0 1 0 -1 0 0 98283.dat
1 71 380 -152 180 1 0 0 0 1 0 0 0 1 4740.dat
1 84 -250 -168 200 0 0 1 0 1 0 -1 0 0 3004.dat
1 84 -270 -168 220 0 0 1 0 1 0 -1 0 0 98283.dat
1 71 -220 -168 210 1 0 0 0 1 0 0 0 1 3004.dat
1 71 60 -168 230 0 0 1 0 1 0 -1 0 0 3002.dat
1 84 230 -168 210 1 0 0 0 1 0 0 0 1 3005.dat
1 84 250 -168 210 1 0 0 0 1 0 0 0 1 3005.dat
1 84 270 -168 220 0 0 1 0 1 0 -1 0 0 98283.dat
1 84 -250 -168 230 1 0 0 0 1 0 0 0 1 3005.dat
1 84 -230 -168 230 1 0 0 0 1 0 0 0 1 3005.dat
1 84 -210 -168 230 1 0 0 0 1 0 0 0 1 3005.dat
1 71 -60 -168 260 0 0 1 0 1 0 -1 0 0 3001.dat
1 84 220 -168 230 1 0 0 0 1 0 0 0 1 3004.dat
1 84 250 -168 230 1 0 0 0 1 0 0 0 1 3005.dat
1 84 -210 -168 250 1 0 0 0 1 0 0 0 1 3005.dat
1 84 -180 -168 250 1 0 0 0 1 0 0 0 1 3004.dat
1 71 -150 -168 250 1 0 0 0 1 0 0 0 1 3005.dat
1 71 -120 -168 250 1 0 0 0 1 0 0 0 1 3004.dat
1 71 -90 -168 250 1 0 0 0 1 0 0 0 1 3005.dat
1 71 -20 -168 250 1 0 0 0 1 0 0 0 1 3004.dat
1 71 130 -168 250 1 0 0 0 1 0 0 0 1 3005.dat
1 84 160 -168 250 1 0 0 0 1 0 0 0 1 3004.dat
1 71 190 -168 250 1 0 0 0 1 0 0 0 1 3005.dat
1 84 210 -168 250 1 0 0 0 1 0 0 0 1 3005.dat
1 84 -180 -168 270 1 0 0 0 1 0 0 0 1 98283.dat
1 84 -150 -168 270 1 0 0 0 1 0 0 0 1 3005.dat
1 84 -130 -168 270 1 0 0 0 1 0 0 0 1 3005.dat
1 71 20 -168 290 0 0 1 0 1 0 -1 0 0 3002.dat
1 84 130 -168 270 1 0 0 0 1 0 0 0 1 3005.dat
1 84 160 -168 270 1 0 0 0 1 0 0 0 1 98283.dat
1 84 190 -168 270 1 0 0 0 1 0 0 0 1 3005.dat
1 19 -300 -168 300 1 0 0 0 1 0 0 0 1 3941.dat
1 84 -120 -168 290 1 0 0 0 1 0 0 0 1 98283.dat
1 71 90 -168 300 0 0 1 0 1 0 -1 0 0 3004.dat
1 71 110 -168 290 1 0 0 0 1 0 0 0 1 3005.dat
1 84 130 -168 290 1 0 0 0 1 0 0 0 1 3005.dat
1 70 300 -168 300 1 0 0 0 1 0 0 0 1 3941.dat
1 84 -110 -168 310 1 0 0 0 1 0 0 0 1 3005.dat
1 84 -80 -168 310 1 0 0 0 1 0 0 0 1 3004.dat
1 71 -50 -168 310 1 0 0 0 1 0 0 0 1 3005.dat
1 84 70 -168 310 1 0 0 0 1 0 0 0 1 3005.dat
1 84 110 -168 310 1 0 0 0 1 0 0 0 1 3005.dat
1 84 -80 -168 330 1 0 0 0 1 0 0 0 1 98283.dat
1 84 -20 -168 330 1 0 0 0 1 0 0 0 1 3010.dat
1 84 40 -168 330 1 0 0 0 1 0 0 0 1 3004.dat
1 84 70 -168 330 1 0 0 0 1 0 0 0 1 3005.dat
1 84 90 -168 330 1 0 0 0 1 0 0 0 1 3005.dat
1 84 -40 -168 350 1 0 0 0 1 0 0 0 1 98283.dat
1 84 0 -168 350 1 0 0 0 1 0 0 0 1 98283.dat
1 84 40 -168 350 1 0 0 0 1 0 0 0 1 98283.dat
1 71 380 -144 -40 1 0 0 0 1 0 0 0 1 15068.dat
1 71 340 -144 0 0 0 1 0 1 0 -1 0 0 15068.dat
1 71 420 -144 0 0 0 -1 0 1 0 1 0 0 15068.dat
1 71 380 -144 40 -1 0 0 0 1 0 0 0 -1 15068.dat
0 STEP
0 // Layer bottom 19 plates / 60.8 mm
1 71 350 -152 -230 1 0 0 0 1 0 0 0 1 54200.dat
1 71 380 -160 -230 1 0 0 0 1 0 0 0 1 3023.dat
1 71 410 -160 -220 0 0 1 0 1 0 -1 0 0 3023.dat
1 71 360 -160 -180 1 0 0 0 1 0 0 0 1 3031.dat
1 71 430 -152 -210 0 0 -1 0 1 0 1 0 0 54200.dat
1 71 420 -160 -180 1 0 0 0 1 0 0 0 1 3022.dat
1 71 410 -160 -140 0 0 1 0 1 0 -1 0 0 3023.dat
1 71 430 -152 -150 0 0 -1 0 1 0 1 0 0 54200.dat
1 71 350 -152 -130 -1 0 0 0 1 0 0 0 -1 54200.dat
1 71 380 -160 -130 1 0 0 0 1 0 0 0 1 3023.dat
1 71 380 -160 0 1 0 0 0 1 0 0 0 1 3022.dat
1 297 380 -160 180 1 0 0 0 1 0 0 0 1 4073.dat
0 STEP
0 // Layer bottom 20 plates / 64 mm
1 71 380 -168 -200 0 0 1 0 1 0 -1 0 0 3020.dat
1 71 350 -168 -210 1 0 0 0 1 0 0 0 1 3024.dat
1 71 410 -168 -210 1 0 0 0 1 0 0 0 1 3024.dat
1 71 340 -168 -180 1 0 0 0 1 0 0 0 1 3022.dat
1 71 420 -168 -180 1 0 0 0 1 0 0 0 1 3022.dat
1 71 350 -168 -150 1 0 0 0 1 0 0 0 1 3024.dat
1 71 380 -168 -140 1 0 0 0 1 0 0 0 1 3022.dat
1 71 410 -168 -150 1 0 0 0 1 0 0 0 1 3024.dat
1 71 380 -168 0 1 0 0 0 1 0 0 0 1 87580.dat
1 71 410 -160 -220 1 0 0 0 1 0 0 0 1 11477.dat
1 71 340 -160 -210 0 0 1 0 1 0 -1 0 0 11477.dat
1 71 340 -160 -150 0 0 1 0 1 0 -1 0 0 11477.dat
1 71 410 -160 -140 -1 0 0 0 1 0 0 0 -1 11477.dat
0 STEP
0 // Layer bottom 21 plates / 67.2 mm
1 71 -80 -176 -400 1 0 0 0 1 0 0 0 1 3034.dat
1 71 80 -176 -400 1 0 0 0 1 0 0 0 1 3034.dat
1 71 -150 -176 -360 0 0 1 0 1 0 -1 0 0 3023.dat
1 71 -100 -176 -300 0 0 1 0 1 0 -1 0 0 3035.dat
1 71 -20 -176 -300 0 0 1 0 1 0 -1 0 0 3035.dat
1 71 60 -176 -300 0 0 1 0 1 0 -1 0 0 3035.dat
1 71 120 -176 -340 0 0 1 0 1 0 -1 0 0 3020.dat
1 71 150 -176 -360 0 0 1 0 1 0 -1 0 0 3023.dat
1 71 -150 -176 -320 0 0 1 0 1 0 -1 0 0 3023.dat
1 71 150 -176 -320 0 0 1 0 1 0 -1 0 0 3023.dat
1 19 -300 -192 -300 1 0 0 0 1 0 0 0 1 3941.dat
1 19 300 -192 -300 1 0 0 0 1 0 0 0 1 3941.dat
1 71 120 -176 -290 1 0 0 0 1 0 0 0 1 3023.dat
1 71 -180 -176 -270 1 0 0 0 1 0 0 0 1 3023.dat
1 71 -150 -176 -270 1 0 0 0 1 0 0 0 1 3024.dat
1 71 140 -176 -200 0 0 1 0 1 0 -1 0 0 3035.dat
1 71 190 -176 -260 0 0 1 0 1 0 -1 0 0 3023.dat
1 71 -180 -176 -180 0 0 1 0 1 0 -1 0 0 3035.dat
1 71 210 -176 -250 1 0 0 0 1 0 0 0 1 3024.dat
1 71 -260 -176 -200 0 0 1 0 1 0 -1 0 0 3020.dat
1 71 -230 -176 -220 0 0 1 0 1 0 -1 0 0 3023.dat
1 71 220 -176 -160 0 0 1 0 1 0 -1 0 0 3035.dat
1 71 270 -176 -220 0 0 1 0 1 0 -1 0 0 3023.dat
1 71 -100 -176 -140 0 0 1 0 1 0 -1 0 0 3035.dat
1 71 -20 -176 -140 0 0 1 0 1 0 -1 0 0 3035.dat
1 71 60 -176 -140 0 0 1 0 1 0 -1 0 0 3035.dat
1 71 380 -176 -210 1 0 0 0 1 0 0 0 1 3023.dat
1 71 -230 -176 -180 0 0 1 0 1 0 -1 0 0 3023.dat
1 71 270 -176 -180 0 0 1 0 1 0 -1 0 0 3023.dat
1 71 350 -176 -180 0 0 1 0 1 0 -1 0 0 3023.dat
1 71 380 -176 -180 1 0 0 0 1 0 0 0 1 3022.dat
1 71 410 -176 -180 0 0 1 0 1 0 -1 0 0 3023.dat
1 71 -300 -176 -120 0 0 1 0 1 0 -1 0 0 3020.dat
1 71 -260 -176 -130 0 0 1 0 1 0 -1 0 0 3021.dat
1 71 -230 -176 -140 0 0 1 0 1 0 -1 0 0 3023.dat
1 71 280 -176 -120 0 0 1 0 1 0 -1 0 0 3020.dat
1 71 310 -176 -140 0 0 1 0 1 0 -1 0 0 3023.dat
1 71 380 -176 -150 1 0 0 0 1 0 0 0 1 3023.dat
1 71 -230 -176 -110 1 0 0 0 1 0 0 0 1 3024.dat
1 71 140 -176 -40 0 0 1 0 1 0 -1 0 0 3035.dat
1 71 310 -176 -100 0 0 1 0 1 0 -1 0 0 3023.dat
1 71 -240 -176 -20 0 0 1 0 1 0 -1 0 0 3035.dat
1 71 -170 -176 -80 1 0 0 0 1 0 0 0 1 3021.dat
1 71 220 -176 0 0 0 1 0 1 0 -1 0 0 3035.dat
1 71 270 -176 -60 0 0 1 0 1 0 -1 0 0 3023.dat
1 71 -160 -176 20 0 0 1 0 1 0 -1 0 0 3035.dat
1 71 -80 -176 20 0 0 1 0 1 0 -1 0 0 3035.dat
1 71 0 -176 20 0 0 1 0 1 0 -1 0 0 3035.dat
1 71 60 -176 -20 0 0 1 0 1 0 -1 0 0 3020.dat
1 71 90 -176 -40 0 0 1 0 1 0 -1 0 0 3023.dat
1 71 270 -176 -20 0 0 1 0 1 0 -1 0 0 3023.dat
1 71 90 -176 0 0 0 1 0 1 0 -1 0 0 3023.dat
1 71 380 -176 0 1 0 0 0 1 0 0 0 1 4740.dat
1 71 270 -176 20 0 0 1 0 1 0 -1 0 0 3023.dat
1 71 60 -176 30 1 0 0 0 1 0 0 0 1 3023.dat
1 71 90 -176 30 1 0 0 0 1 0 0 0 1 3024.dat
1 71 80 -176 120 0 0 1 0 1 0 -1 0 0 3035.dat
1 71 150 -176 60 1 0 0 0 1 0 0 0 1 3021.dat
1 71 270 -176 60 0 0 1 0 1 0 -1 0 0 3023.dat
1 71 -240 -176 140 0 0 1 0 1 0 -1 0 0 3035.dat
1 71 -300 -176 120 0 0 1 0 1 0 -1 0 0 3020.dat
1 71 160 -176 160 0 0 1 0 1 0 -1 0 0 3035.dat
1 71 240 -176 160 0 0 1 0 1 0 -1 0 0 3035.dat
1 71 300 -176 120 0 0 1 0 1 0 -1 0 0 3020.dat
1 71 -160 -176 180 0 0 1 0 1 0 -1 0 0 3035.dat
1 71 -80 -176 180 0 0 1 0 1 0 -1 0 0 3035.dat
1 71 0 -176 180 0 0 1 0 1 0 -1 0 0 3035.dat
1 71 50 -176 220 0 0 1 0 1 0 -1 0 0 3023.dat
1 71 80 -176 240 0 0 1 0 1 0 -1 0 0 3020.dat
1 71 110 -176 220 0 0 1 0 1 0 -1 0 0 3023.dat
1 71 -260 -176 230 1 0 0 0 1 0 0 0 1 3023.dat
1 71 -230 -176 230 1 0 0 0 1 0 0 0 1 3024.dat
1 71 -210 -176 240 0 0 1 0 1 0 -1 0 0 3023.dat
1 71 50 -176 250 1 0 0 0 1 0 0 0 1 3024.dat
1 71 140 -176 260 1 0 0 0 1 0 0 0 1 3020.dat
1 71 190 -176 260 0 0 1 0 1 0 -1 0 0 3023.dat
1 71 210 -176 250 1 0 0 0 1 0 0 0 1 3024.dat
1 71 -180 -176 270 1 0 0 0 1 0 0 0 1 3023.dat
1 71 -150 -176 270 1 0 0 0 1 0 0 0 1 3024.dat
1 71 -120 -176 280 1 0 0 0 1 0 0 0 1 3022.dat
1 71 -20 -176 300 1 0 0 0 1 0 0 0 1 3035.dat
1 19 -300 -192 300 1 0 0 0 1 0 0 0 1 3941.dat
1 71 80 -176 310 0 0 1 0 1 0 -1 0 0 3021.dat
1 71 110 -176 300 0 0 1 0 1 0 -1 0 0 3023.dat
1 71 130 -176 290 1 0 0 0 1 0 0 0 1 3024.dat
1 70 300 -192 300 1 0 0 0 1 0 0 0 1 3941.dat
1 71 -110 -176 310 1 0 0 0 1 0 0 0 1 3024.dat
1 71 -40 -176 350 1 0 0 0 1 0 0 0 1 3023.dat
1 71 0 -176 350 1 0 0 0 1 0 0 0 1 3023.dat
1 71 40 -176 350 1 0 0 0 1 0 0 0 1 3023.dat
1 71 380 -168 -220 1 0 0 0 1 0 0 0 1 15068.dat
1 71 340 -168 -180 0 0 1 0 1 0 -1 0 0 15068.dat
1 71 420 -168 -180 0 0 -1 0 1 0 1 0 0 15068.dat
1 71 380 -168 -140 -1 0 0 0 1 0 0 0 -1 15068.dat
0 STEP
0 // Layer bottom 22 plates / 70.4 mm
1 71 -80 -184 -400 1 0 0 0 1 0 0 0 1 3034.dat
1 71 80 -184 -400 1 0 0 0 1 0 0 0 1 3034.dat
1 84 -40 -200 -320 0 0 1 0 1 0 -1 0 0 3001.dat
1 84 0 -200 -320 0 0 1 0 1 0 -1 0 0 3001.dat
1 84 40 -200 -320 0 0 1 0 1 0 -1 0 0 3001.dat
1 84 -80 -200 -300 0 0 1 0 1 0 -1 0 0 3001.dat
1 84 80 -200 -300 0 0 1 0 1 0 -1 0 0 3001.dat
1 84 -110 -200 -310 1 0 0 0 1 0 0 0 1 3005.dat
1 84 110 -200 -310 1 0 0 0 1 0 0 0 1 3005.dat
1 84 -120 -200 -260 0 0 1 0 1 0 -1 0 0 3001.dat
1 84 120 -200 -260 0 0 1 0 1 0 -1 0 0 3001.dat
1 19 -180 -200 -240 0 0 1 0 1 0 -1 0 0 3001.dat
1 19 -150 -200 -270 1 0 0 0 1 0 0 0 1 3005.dat
1 71 0 -200 -270 1 0 0 0 1 0 0 0 1 3009.dat
1 19 150 -200 -270 1 0 0 0 1 0 0 0 1 3005.dat
1 19 180 -200 -240 0 0 1 0 1 0 -1 0 0 3001.dat
1 19 -210 -200 -250 1 0 0 0 1 0 0 0 1 3005.dat
1 71 -150 -200 -240 0 0 1 0 1 0 -1 0 0 3004.dat
1 71 -20 -200 -240 1 0 0 0 1 0 0 0 1 3007.dat
1 71 80 -200 -230 0 0 1 0 1 0 -1 0 0 3002.dat
1 71 150 -200 -240 0 0 1 0 1 0 -1 0 0 3004.dat
1 19 210 -200 -250 1 0 0 0 1 0 0 0 1 3005.dat
1 71 -260 -184 -220 1 0 0 0 1 0 0 0 1 3022.dat
1 19 -220 -200 -220 1 0 0 0 1 0 0 0 1 3003.dat
1 19 220 -200 -220 1 0 0 0 1 0 0 0 1 3003.dat
1 71 260 -184 -220 1 0 0 0 1 0 0 0 1 3022.dat
1 71 -100 -200 -210 1 0 0 0 1 0 0 0 1 3009.dat
1 71 0 -200 -210 1 0 0 0 1 0 0 0 1 3010.dat
1 71 50 -200 -210 1 0 0 0 1 0 0 0 1 3005.dat
1 71 120 -200 -210 1 0 0 0 1 0 0 0 1 3004.dat
1 71 150 -200 -210 1 0 0 0 1 0 0 0 1 3005.dat
1 71 -270 -184 -180 0 0 1 0 1 0 -1 0 0 3023.dat
1 19 -250 -200 -190 1 0 0 0 1 0 0 0 1 3005.dat
1 19 -230 -200 -160 0 0 1 0 1 0 -1 0 0 3010.dat
1 19 -210 -200 -160 0 0 1 0 1 0 -1 0 0 3010.dat
1 71 -190 -200 -160 0 0 1 0 1 0 -1 0 0 3010.dat
1 71 -170 -200 -160 0 0 1 0 1 0 -1 0 0 3010.dat
1 71 -140 -200 -120 0 0 1 0 1 0 -1 0 0 3007.dat
1 71 -100 -200 -180 1 0 0 0 1 0 0 0 1 3003.dat
1 71 -60 -200 -120 0 0 1 0 1 0 -1 0 0 3007.dat
1 71 -20 -200 -180 1 0 0 0 1 0 0 0 1 3003.dat
1 71 20 -200 -120 0 0 1 0 1 0 -1 0 0 3007.dat
1 71 50 -200 -180 0 0 1 0 1 0 -1 0 0 3004.dat
1 19 100 -200 -180 1 0 0 0 1 0 0 0 1 3001.dat
1 19 150 -200 -180 0 0 1 0 1 0 -1 0 0 3004.dat
1 19 170 -200 -160 0 0 1 0 1 0 -1 0 0 3010.dat
1 71 190 -200 -160 0 0 1 0 1 0 -1 0 0 3010.dat
1 19 220 -200 -160 0 0 1 0 1 0 -1 0 0 3001.dat
1 19 250 -200 -190 1 0 0 0 1 0 0 0 1 3005.dat
1 71 270 -184 -180 0 0 1 0 1 0 -1 0 0 3023.dat
1 71 380 -184 -180 1 0 0 0 1 0 0 0 1 3022.dat
1 19 -250 -200 -160 0 0 -1 0 1 0 1 0 0 2877.dat
1 19 250 -200 -160 0 0 1 0 1 0 -1 0 0 2877.dat
1 71 -270 -184 -140 0 0 1 0 1 0 -1 0 0 3023.dat
1 71 100 -200 -120 0 0 1 0 1 0 -1 0 0 3001.dat
1 71 270 -184 -140 0 0 1 0 1 0 -1 0 0 3023.dat
1 19 -250 -200 -130 1 0 0 0 1 0 0 0 1 3005.dat
1 19 250 -200 -130 1 0 0 0 1 0 0 0 1 3005.dat
1 71 -240 -184 -40 0 0 1 0 1 0 -1 0 0 3035.dat
1 484 -190 -200 -80 0 0 1 0 1 0 -1 0 0 3010.dat
1 484 -170 -200 -80 0 0 1 0 1 0 -1 0 0 3010.dat
1 71 -100 -200 -110 1 0 0 0 1 0 0 0 1 3004.dat
1 71 -20 -200 -110 1 0 0 0 1 0 0 0 1 3004.dat
1 71 60 -200 -110 1 0 0 0 1 0 0 0 1 3004.dat
1 71 140 -200 -110 1 0 0 0 1 0 0 0 1 3004.dat
1 484 170 -200 -80 0 0 1 0 1 0 -1 0 0 3010.dat
1 484 190 -200 -80 0 0 1 0 1 0 -1 0 0 3010.dat
1 71 240 -184 -40 0 0 1 0 1 0 -1 0 0 3035.dat
1 71 150 -184 -90 1 0 0 0 1 0 0 0 1 3024.dat
1 71 100 -200 -40 0 0 1 0 1 0 -1 0 0 3001.dat
1 71 150 -184 -50 1 0 0 0 1 0 0 0 1 3024.dat
1 484 -190 -200 0 0 0 1 0 1 0 -1 0 0 3010.dat
1 484 -170 -200 0 0 0 1 0 1 0 -1 0 0 3010.dat
1 71 -140 -200 40 0 0 1 0 1 0 -1 0 0 3007.dat
1 71 -60 -200 40 0 0 1 0 1 0 -1 0 0 3007.dat
1 71 20 -200 40 0 0 1 0 1 0 -1 0 0 3007.dat
1 484 170 -200 0 0 0 1 0 1 0 -1 0 0 3010.dat
1 484 190 -200 0 0 0 1 0 1 0 -1 0 0 3010.dat
1 71 150 -184 -10 1 0 0 0 1 0 0 0 1 3024.dat
1 297 380 -184 0 1 0 0 0 1 0 0 0 1 4073.dat
1 71 -100 -200 10 1 0 0 0 1 0 0 0 1 3004.dat
1 71 -20 -200 10 1 0 0 0 1 0 0 0 1 3004.dat
1 71 60 -200 10 1 0 0 0 1 0 0 0 1 3004.dat
1 71 100 -200 40 0 0 1 0 1 0 -1 0 0 3001.dat
1 71 140 -200 10 1 0 0 0 1 0 0 0 1 3004.dat
1 71 150 -184 30 1 0 0 0 1 0 0 0 1 3024.dat
1 71 -240 -184 80 1 0 0 0 1 0 0 0 1 3031.dat
1 484 -190 -200 80 0 0 1 0 1 0 -1 0 0 3010.dat
1 484 -170 -200 80 0 0 1 0 1 0 -1 0 0 3010.dat
1 484 170 -200 80 0 0 1 0 1 0 -1 0 0 3010.dat
1 484 190 -200 80 0 0 1 0 1 0 -1 0 0 3010.dat
1 71 240 -184 80 1 0 0 0 1 0 0 0 1 3031.dat
1 71 150 -184 70 1 0 0 0 1 0 0 0 1 3024.dat
1 71 100 -200 120 0 0 1 0 1 0 -1 0 0 3001.dat
1 71 -270 -184 140 0 0 1 0 1 0 -1 0 0 3023.dat
1 19 -250 -200 130 1 0 0 0 1 0 0 0 1 3005.dat
1 19 -230 -200 160 0 0 1 0 1 0 -1 0 0 3010.dat
1 19 -210 -200 160 0 0 1 0 1 0 -1 0 0 3010.dat
1 71 -190 -200 160 0 0 1 0 1 0 -1 0 0 3010.dat
1 71 -120 -200 130 1 0 0 0 1 0 0 0 1 3009.dat
1 71 -50 -200 140 0 0 1 0 1 0 -1 0 0 3004.dat
1 71 -20 -200 130 1 0 0 0 1 0 0 0 1 3004.dat
1 71 20 -200 160 0 0 1 0 1 0 -1 0 0 3001.dat
1 71 60 -200 130 1 0 0 0 1 0 0 0 1 3004.dat
1 71 140 -200 130 1 0 0 0 1 0 0 0 1 3004.dat
1 19 170 -200 160 0 0 1 0 1 0 -1 0 0 3010.dat
1 19 190 -200 160 0 0 1 0 1 0 -1 0 0 3010.dat
1 19 220 -200 160 0 0 1 0 1 0 -1 0 0 3001.dat
1 19 250 -200 130 1 0 0 0 1 0 0 0 1 3005.dat
1 71 270 -184 140 0 0 1 0 1 0 -1 0 0 3023.dat
1 19 -250 -200 160 0 0 -1 0 1 0 1 0 0 2877.dat
1 71 -160 -200 150 1 0 0 0 1 0 0 0 1 3004.dat
1 71 -130 -200 150 1 0 0 0 1 0 0 0 1 3005.dat
1 71 -70 -200 150 1 0 0 0 1 0 0 0 1 3005.dat
1 19 250 -200 160 0 0 1 0 1 0 -1 0 0 2877.dat
1 71 -270 -184 180 0 0 1 0 1 0 -1 0 0 3023.dat
1 71 -100 -200 180 1 0 0 0 1 0 0 0 1 3007.dat
1 71 -10 -200 180 0 0 1 0 1 0 -1 0 0 3004.dat
1 71 50 -200 180 0 0 1 0 1 0 -1 0 0 3004.dat
1 19 100 -200 180 1 0 0 0 1 0 0 0 1 3001.dat
1 19 150 -200 180 0 0 1 0 1 0 -1 0 0 3004.dat
1 71 270 -184 180 0 0 1 0 1 0 -1 0 0 3023.dat
1 19 -250 -200 190 1 0 0 0 1 0 0 0 1 3005.dat
1 19 250 -200 190 1 0 0 0 1 0 0 0 1 3005.dat
1 71 -260 -184 220 1 0 0 0 1 0 0 0 1 3022.dat
1 19 -220 -200 220 1 0 0 0 1 0 0 0 1 3003.dat
1 19 -180 -200 240 0 0 1 0 1 0 -1 0 0 3001.dat
1 71 -80 -200 220 1 0 0 0 1 0 0 0 1 3007.dat
1 71 80 -200 220 1 0 0 0 1 0 0 0 1 3007.dat
1 19 180 -200 240 0 0 1 0 1 0 -1 0 0 3001.dat
1 19 220 -200 220 1 0 0 0 1 0 0 0 1 3003.dat
1 71 260 -184 220 1 0 0 0 1 0 0 0 1 3022.dat
1 19 -210 -200 250 1 0 0 0 1 0 0 0 1 3005.dat
1 71 -150 -200 250 1 0 0 0 1 0 0 0 1 3005.dat
1 71 -60 -200 260 1 0 0 0 1 0 0 0 1 3007.dat
1 71 80 -200 260 1 0 0 0 1 0 0 0 1 2456.dat
1 71 150 -200 250 1 0 0 0 1 0 0 0 1 3005.dat
1 19 210 -200 250 1 0 0 0 1 0 0 0 1 3005.dat
1 19 -150 -200 270 1 0 0 0 1 0 0 0 1 3005.dat
1 19 150 -200 270 1 0 0 0 1 0 0 0 1 3005.dat
1 84 -130 -200 290 1 0 0 0 1 0 0 0 1 3005.dat
1 84 -110 -200 300 0 0 1 0 1 0 -1 0 0 3004.dat
1 84 -80 -200 310 0 0 1 0 1 0 -1 0 0 3002.dat
1 84 -40 -200 320 0 0 1 0 1 0 -1 0 0 3001.dat
1 84 0 -200 320 0 0 1 0 1 0 -1 0 0 3001.dat
1 84 40 -200 320 0 0 1 0 1 0 -1 0 0 3001.dat
1 84 80 -200 310 0 0 1 0 1 0 -1 0 0 3002.dat
1 84 110 -200 300 0 0 1 0 1 0 -1 0 0 3004.dat
1 84 130 -200 290 1 0 0 0 1 0 0 0 1 3005.dat
0 STEP
0 // Layer bottom 23 plates / 73.6 mm
1 71 -250 -192 -220 0 0 1 0 1 0 -1 0 0 3023.dat
1 71 250 -192 -220 0 0 1 0 1 0 -1 0 0 3023.dat
1 71 380 -192 -180 1 0 0 0 1 0 0 0 1 87580.dat
1 71 -240 -192 -40 0 0 1 0 1 0 -1 0 0 3034.dat
1 71 -210 -192 -100 0 0 1 0 1 0 -1 0 0 3023.dat
1 71 220 -192 -40 0 0 1 0 1 0 -1 0 0 3034.dat
1 71 250 -192 -100 0 0 1 0 1 0 -1 0 0 3023.dat
1 71 150 -192 -90 1 0 0 0 1 0 0 0 1 3024.dat
1 71 -210 -192 -60 0 0 1 0 1 0 -1 0 0 3023.dat
1 71 250 -192 -60 0 0 1 0 1 0 -1 0 0 3023.dat
1 71 150 -192 -50 1 0 0 0 1 0 0 0 1 3024.dat
1 71 -210 -192 -20 0 0 1 0 1 0 -1 0 0 3023.dat
1 71 250 -192 -20 0 0 1 0 1 0 -1 0 0 3023.dat
1 71 150 -192 -10 1 0 0 0 1 0 0 0 1 3024.dat
1 71 -210 -192 20 0 0 1 0 1 0 -1 0 0 3023.dat
1 71 250 -192 20 0 0 1 0 1 0 -1 0 0 3023.dat
1 71 150 -192 30 1 0 0 0 1 0 0 0 1 3024.dat
1 71 -240 -192 80 0 0 1 0 1 0 -1 0 0 3020.dat
1 71 -210 -192 60 0 0 1 0 1 0 -1 0 0 3023.dat
1 71 220 -192 80 0 0 1 0 1 0 -1 0 0 3020.dat
1 71 250 -192 60 0 0 1 0 1 0 -1 0 0 3023.dat
1 71 150 -192 70 1 0 0 0 1 0 0 0 1 3024.dat
1 71 -210 -192 100 0 0 1 0 1 0 -1 0 0 3023.dat
1 71 250 -192 100 0 0 1 0 1 0 -1 0 0 3023.dat
1 71 -250 -192 220 0 0 1 0 1 0 -1 0 0 3023.dat
1 71 250 -192 220 0 0 1 0 1 0 -1 0 0 3023.dat
0 STEP
0 // Layer bottom 24 plates / 76.8 mm
1 19 -300 -216 -300 1 0 0 0 1 0 0 0 1 3941.dat
1 19 300 -216 -300 1 0 0 0 1 0 0 0 1 3941.dat
1 71 380 -200 -180 1 0 0 0 1 0 0 0 1 4740.dat
1 71 -220 -200 -40 0 0 1 0 1 0 -1 0 0 3034.dat
1 71 220 -200 -40 0 0 1 0 1 0 -1 0 0 3034.dat
1 71 150 -200 -90 1 0 0 0 1 0 0 0 1 3024.dat
1 71 150 -200 -50 1 0 0 0 1 0 0 0 1 3024.dat
1 71 150 -200 -10 1 0 0 0 1 0 0 0 1 3024.dat
1 71 150 -200 30 1 0 0 0 1 0 0 0 1 3024.dat
1 71 -220 -200 80 0 0 1 0 1 0 -1 0 0 3020.dat
1 71 220 -200 80 0 0 1 0 1 0 -1 0 0 3020.dat
1 71 150 -200 70 1 0 0 0 1 0 0 0 1 3024.dat
1 19 -300 -216 300 1 0 0 0 1 0 0 0 1 3941.dat
1 70 300 -216 300 1 0 0 0 1 0 0 0 1 3941.dat
0 STEP
0 // Layer bottom 25 plates / 80 mm
1 0 -50 -224 -350 1 0 0 0 1 0 0 0 1 3005.dat
1 84 -20 -224 -350 1 0 0 0 1 0 0 0 1 98283.dat
1 0 10 -224 -350 1 0 0 0 1 0 0 0 1 3005.dat
1 84 40 -224 -350 1 0 0 0 1 0 0 0 1 98283.dat
1 84 -90 -224 -330 1 0 0 0 1 0 0 0 1 3005.dat
1 0 -70 -224 -330 1 0 0 0 1 0 0 0 1 3005.dat
1 71 -50 -224 -330 1 0 0 0 1 0 0 0 1 3005.dat
1 84 0 -224 -320 1 0 0 0 1 0 0 0 1 3001.dat
1 84 70 -224 -320 1 0 0 0 1 0 0 0 1 3002.dat
1 84 -80 -224 -300 1 0 0 0 1 0 0 0 1 3001.dat
1 84 110 -224 -310 1 0 0 0 1 0 0 0 1 3005.dat
1 84 -130 -224 -290 1 0 0 0 1 0 0 0 1 3005.dat
1 71 20 -224 -290 1 0 0 0 1 0 0 0 1 3009.dat
1 71 100 -224 -290 1 0 0 0 1 0 0 0 1 3004.dat
1 0 130 -224 -290 1 0 0 0 1 0 0 0 1 3005.dat
1 71 -170 -208 -270 1 0 0 0 1 0 0 0 1 3024.dat
1 71 -150 -200 -270 1 0 0 0 1 0 0 0 1 54200.dat
1 0 -130 -224 -270 1 0 0 0 1 0 0 0 1 3005.dat
1 71 -40 -224 -260 1 0 0 0 1 0 0 0 1 3007.dat
1 71 70 -224 -260 1 0 0 0 1 0 0 0 1 3002.dat
1 84 120 -224 -250 0 0 1 0 1 0 -1 0 0 3002.dat
1 71 170 -208 -270 1 0 0 0 1 0 0 0 1 3024.dat
1 71 190 -200 -270 1 0 0 0 1 0 0 0 1 54200.dat
1 71 -190 -208 -240 1 0 0 0 1 0 0 0 1 3021.dat
1 0 -150 -224 -250 1 0 0 0 1 0 0 0 1 3005.dat
1 71 -130 -224 -250 1 0 0 0 1 0 0 0 1 3005.dat
1 0 150 -224 -250 1 0 0 0 1 0 0 0 1 3005.dat
1 71 190 -208 -240 1 0 0 0 1 0 0 0 1 3021.dat
1 71 -80 -224 -220 1 0 0 0 1 0 0 0 1 3007.dat
1 71 40 -224 -220 1 0 0 0 1 0 0 0 1 3001.dat
1 71 90 -224 -230 1 0 0 0 1 0 0 0 1 3005.dat
1 71 150 -224 -230 1 0 0 0 1 0 0 0 1 3005.dat
1 71 230 -200 -230 0 0 -1 0 1 0 1 0 0 54200.dat
1 71 -230 -208 -210 1 0 0 0 1 0 0 0 1 3024.dat
1 71 -200 -208 -210 1 0 0 0 1 0 0 0 1 3023.dat
1 71 -170 -208 -210 1 0 0 0 1 0 0 0 1 3024.dat
1 71 120 -224 -210 1 0 0 0 1 0 0 0 1 3010.dat
1 71 180 -208 -210 1 0 0 0 1 0 0 0 1 3023.dat
1 71 220 -208 -210 1 0 0 0 1 0 0 0 1 3023.dat
1 84 -250 -224 -180 0 0 1 0 1 0 -1 0 0 98283.dat
1 84 -230 -224 -180 0 0 1 0 1 0 -1 0 0 3004.dat
1 84 -210 -224 -180 0 0 1 0 1 0 -1 0 0 3004.dat
1 71 -190 -224 -180 0 0 1 0 1 0 -1 0 0 3004.dat
1 71 -100 -224 -180 1 0 0 0 1 0 0 0 1 3007.dat
1 71 -10 -224 -180 0 0 1 0 1 0 -1 0 0 3004.dat
1 71 20 -224 -120 0 0 1 0 1 0 -1 0 0 3007.dat
1 71 50 -224 -180 0 0 1 0 1 0 -1 0 0 3004.dat
1 84 100 -224 -180 1 0 0 0 1 0 0 0 1 3001.dat
1 71 150 -224 -190 1 0 0 0 1 0 0 0 1 3005.dat
1 84 170 -224 -160 0 0 1 0 1 0 -1 0 0 3010.dat
1 19 190 -224 -160 0 0 1 0 1 0 -1 0 0 3010.dat
1 84 220 -224 -170 0 0 1 0 1 0 -1 0 0 3002.dat
1 84 250 -224 -180 0 0 1 0 1 0 -1 0 0 98283.dat
1 297 380 -208 -180 1 0 0 0 1 0 0 0 1 4073.dat
1 84 150 -224 -170 1 0 0 0 1 0 0 0 1 3005.dat
1 84 -250 -224 -140 0 0 1 0 1 0 -1 0 0 98283.dat
1 84 -230 -224 -150 1 0 0 0 1 0 0 0 1 3005.dat
1 84 -210 -224 -150 1 0 0 0 1 0 0 0 1 3005.dat
1 71 -190 -224 -150 1 0 0 0 1 0 0 0 1 3005.dat
1 84 -170 -224 -140 0 0 1 0 1 0 -1 0 0 3004.dat
1 71 -140 -224 -120 0 0 1 0 1 0 -1 0 0 3001.dat
1 71 -60 -224 -80 0 0 1 0 1 0 -1 0 0 3007.dat
1 71 100 -224 -120 0 0 1 0 1 0 -1 0 0 3001.dat
1 84 250 -224 -140 0 0 1 0 1 0 -1 0 0 98283.dat
1 84 -230 -224 -130 1 0 0 0 1 0 0 0 1 3005.dat
1 84 -210 -224 -130 1 0 0 0 1 0 0 0 1 3005.dat
1 19 -190 -224 -130 1 0 0 0 1 0 0 0 1 3005.dat
1 84 220 -224 -130 1 0 0 0 1 0 0 0 1 98283.dat
1 19 -170 -240 -110 0 0 1 0 1 0 -1 0 0 32952.dat
1 71 -100 -224 -110 1 0 0 0 1 0 0 0 1 3004.dat
1 71 -20 -224 -110 1 0 0 0 1 0 0 0 1 3004.dat
1 71 60 -224 -110 1 0 0 0 1 0 0 0 1 3004.dat
1 71 140 -224 -110 1 0 0 0 1 0 0 0 1 3004.dat
1 19 170 -240 -110 0 0 -1 0 1 0 1 0 0 32952.dat
1 71 -230 -208 -80 0 0 1 0 1 0 -1 0 0 2412b.dat
1 484 -190 -224 -90 1 0 0 0 1 0 0 0 1 3005.dat
1 0 -170 -224 -90 1 0 0 0 1 0 0 0 1 3005.dat
1 71 150 -208 -90 1 0 0 0 1 0 0 0 1 3024.dat
1 0 170 -224 -90 1 0 0 0 1 0 0 0 1 3005.dat
1 484 190 -224 -90 1 0 0 0 1 0 0 0 1 3005.dat
1 71 210 -208 -80 0 0 1 0 1 0 -1 0 0 2412b.dat
1 19 -170 -240 -70 0 0 1 0 1 0 -1 0 0 32952.dat
1 71 -140 -224 -40 0 0 1 0 1 0 -1 0 0 3001.dat
1 71 100 -224 -40 0 0 1 0 1 0 -1 0 0 3001.dat
1 19 170 -240 -70 0 0 -1 0 1 0 1 0 0 32952.dat
1 71 -230 -208 -40 0 0 1 0 1 0 -1 0 0 2412b.dat
1 484 -190 -224 -50 1 0 0 0 1 0 0 0 1 3005.dat
1 484 -170 -224 -50 1 0 0 0 1 0 0 0 1 3005.dat
1 71 150 -208 -50 1 0 0 0 1 0 0 0 1 3024.dat
1 484 170 -224 -50 1 0 0 0 1 0 0 0 1 3005.dat
1 484 190 -224 -50 1 0 0 0 1 0 0 0 1 3005.dat
1 71 210 -208 -40 0 0 1 0 1 0 -1 0 0 2412b.dat
1 19 -170 -240 -30 0 0 1 0 1 0 -1 0 0 32952.dat
1 71 20 -224 40 0 0 1 0 1 0 -1 0 0 3007.dat
1 19 170 -240 -30 0 0 -1 0 1 0 1 0 0 32952.dat
1 71 -230 -208 0 0 0 1 0 1 0 -1 0 0 2412b.dat
1 484 -190 -224 -10 1 0 0 0 1 0 0 0 1 3005.dat
1 0 -170 -224 -10 1 0 0 0 1 0 0 0 1 3005.dat
1 71 150 -208 -10 1 0 0 0 1 0 0 0 1 3024.dat
1 0 170 -224 -10 1 0 0 0 1 0 0 0 1 3005.dat
1 484 190 -224 -10 1 0 0 0 1 0 0 0 1 3005.dat
1 71 210 -208 0 0 0 1 0 1 0 -1 0 0 2412b.dat
1 19 -170 -240 10 0 0 1 0 1 0 -1 0 0 32952.dat
1 71 -140 -224 40 0 0 1 0 1 0 -1 0 0 3001.dat
1 71 -100 -224 10 1 0 0 0 1 0 0 0 1 3004.dat
1 71 -60 -224 80 0 0 1 0 1 0 -1 0 0 3007.dat
1 71 -20 -224 10 1 0 0 0 1 0 0 0 1 3004.dat
1 71 60 -224 10 1 0 0 0 1 0 0 0 1 3004.dat
1 71 100 -224 40 0 0 1 0 1 0 -1 0 0 3001.dat
1 71 140 -224 10 1 0 0 0 1 0 0 0 1 3004.dat
1 19 170 -240 10 0 0 -1 0 1 0 1 0 0 32952.dat
1 71 -230 -208 40 0 0 1 0 1 0 -1 0 0 2412b.dat
1 484 -190 -224 30 1 0 0 0 1 0 0 0 1 3005.dat
1 484 -170 -224 30 1 0 0 0 1 0 0 0 1 3005.dat
1 71 150 -208 30 1 0 0 0 1 0 0 0 1 3024.dat
1 484 170 -224 30 1 0 0 0 1 0 0 0 1 3005.dat
1 484 190 -224 30 1 0 0 0 1 0 0 0 1 3005.dat
1 71 210 -208 40 0 0 1 0 1 0 -1 0 0 2412b.dat
1 19 -170 -240 50 0 0 1 0 1 0 -1 0 0 32952.dat
1 19 170 -240 50 0 0 -1 0 1 0 1 0 0 32952.dat
1 71 -230 -208 80 0 0 1 0 1 0 -1 0 0 2412b.dat
1 484 -190 -224 70 1 0 0 0 1 0 0 0 1 3005.dat
1 0 -170 -224 70 1 0 0 0 1 0 0 0 1 3005.dat
1 71 150 -208 70 1 0 0 0 1 0 0 0 1 3024.dat
1 0 170 -224 70 1 0 0 0 1 0 0 0 1 3005.dat
1 484 190 -224 70 1 0 0 0 1 0 0 0 1 3005.dat
1 71 210 -208 80 0 0 1 0 1 0 -1 0 0 2412b.dat
1 19 -170 -240 90 0 0 1 0 1 0 -1 0 0 32952.dat
1 71 -140 -224 120 0 0 1 0 1 0 -1 0 0 3001.dat
1 71 100 -224 120 0 0 1 0 1 0 -1 0 0 3001.dat
1 19 170 -240 90 0 0 -1 0 1 0 1 0 0 32952.dat
1 484 -190 -224 110 1 0 0 0 1 0 0 0 1 3005.dat
1 484 -170 -224 110 1 0 0 0 1 0 0 0 1 3005.dat
1 484 170 -224 110 1 0 0 0 1 0 0 0 1 3005.dat
1 484 190 -224 110 1 0 0 0 1 0 0 0 1 3005.dat
1 84 -250 -224 140 0 0 1 0 1 0 -1 0 0 98283.dat
1 84 -230 -224 130 1 0 0 0 1 0 0 0 1 3005.dat
1 84 -210 -224 130 1 0 0 0 1 0 0 0 1 3005.dat
1 19 -170 -240 130 0 0 1 0 1 0 -1 0 0 32952.dat
1 71 -100 -224 130 1 0 0 0 1 0 0 0 1 3004.dat
1 71 20 -224 130 1 0 0 0 1 0 0 0 1 3009.dat
1 71 140 -224 130 1 0 0 0 1 0 0 0 1 3004.dat
1 19 170 -240 130 0 0 -1 0 1 0 1 0 0 32952.dat
1 84 220 -224 130 1 0 0 0 1 0 0 0 1 98283.dat
1 84 250 -224 140 0 0 1 0 1 0 -1 0 0 98283.dat
1 84 -230 -224 160 0 0 1 0 1 0 -1 0 0 3004.dat
1 84 -210 -224 160 0 0 1 0 1 0 -1 0 0 3004.dat
1 19 -190 -224 150 1 0 0 0 1 0 0 0 1 3005.dat
1 71 -170 -224 150 1 0 0 0 1 0 0 0 1 3005.dat
1 71 20 -224 150 1 0 0 0 1 0 0 0 1 3004.dat
1 84 170 -224 160 0 0 1 0 1 0 -1 0 0 3004.dat
1 19 190 -224 160 0 0 1 0 1 0 -1 0 0 3004.dat
1 84 220 -224 170 0 0 1 0 1 0 -1 0 0 3002.dat
1 84 -250 -224 180 0 0 1 0 1 0 -1 0 0 98283.dat
1 71 -190 -224 180 0 0 1 0 1 0 -1 0 0 3004.dat
1 71 -100 -224 180 1 0 0 0 1 0 0 0 1 3007.dat
1 71 20 -224 180 1 0 0 0 1 0 0 0 1 3001.dat
1 84 100 -224 180 1 0 0 0 1 0 0 0 1 3001.dat
1 84 150 -224 170 1 0 0 0 1 0 0 0 1 3005.dat
1 84 250 -224 180 0 0 1 0 1 0 -1 0 0 98283.dat
1 84 -230 -224 190 1 0 0 0 1 0 0 0 1 3005.dat
1 84 -210 -224 190 1 0 0 0 1 0 0 0 1 3005.dat
1 71 160 -224 190 1 0 0 0 1 0 0 0 1 3004.dat
1 71 190 -224 190 1 0 0 0 1 0 0 0 1 3005.dat
1 71 -230 -208 210 1 0 0 0 1 0 0 0 1 3024.dat
1 71 -190 -208 220 1 0 0 0 1 0 0 0 1 3021.dat
1 71 -80 -224 220 1 0 0 0 1 0 0 0 1 3007.dat
1 71 60 -224 220 1 0 0 0 1 0 0 0 1 2456.dat
1 84 130 -224 240 0 0 1 0 1 0 -1 0 0 3010.dat
1 71 150 -224 220 0 0 1 0 1 0 -1 0 0 3004.dat
1 71 190 -208 220 1 0 0 0 1 0 0 0 1 3021.dat
1 71 230 -208 210 1 0 0 0 1 0 0 0 1 3024.dat
1 71 -230 -200 230 0 0 1 0 1 0 -1 0 0 54200.dat
1 71 -200 -208 250 1 0 0 0 1 0 0 0 1 3023.dat
1 71 -170 -208 250 1 0 0 0 1 0 0 0 1 3024.dat
1 84 -150 -224 250 1 0 0 0 1 0 0 0 1 3005.dat
1 71 -130 -224 250 1 0 0 0 1 0 0 0 1 3005.dat
1 71 -40 -224 260 1 0 0 0 1 0 0 0 1 3007.dat
1 71 80 -224 260 1 0 0 0 1 0 0 0 1 3001.dat
1 84 150 -224 250 1 0 0 0 1 0 0 0 1 3005.dat
1 71 180 -208 250 1 0 0 0 1 0 0 0 1 3023.dat
1 71 210 -208 250 1 0 0 0 1 0 0 0 1 3024.dat
1 71 -170 -208 270 1 0 0 0 1 0 0 0 1 3024.dat
1 71 -150 -200 270 -1 0 0 0 1 0 0 0 -1 54200.dat
1 0 -130 -224 270 1 0 0 0 1 0 0 0 1 3005.dat
1 71 170 -208 270 1 0 0 0 1 0 0 0 1 3024.dat
1 71 190 -200 270 -1 0 0 0 1 0 0 0 -1 54200.dat
1 84 -130 -224 290 1 0 0 0 1 0 0 0 1 3005.dat
1 71 -60 -224 290 1 0 0 0 1 0 0 0 1 3009.dat
1 71 60 -224 290 1 0 0 0 1 0 0 0 1 3009.dat
1 84 130 -224 290 1 0 0 0 1 0 0 0 1 3005.dat
1 0 -110 -224 310 1 0 0 0 1 0 0 0 1 3005.dat
1 71 -80 -224 310 1 0 0 0 1 0 0 0 1 3004.dat
1 84 -20 -224 320 1 0 0 0 1 0 0 0 1 3001.dat
1 84 60 -224 320 1 0 0 0 1 0 0 0 1 3001.dat
1 84 110 -224 310 1 0 0 0 1 0 0 0 1 3005.dat
1 84 -90 -224 330 1 0 0 0 1 0 0 0 1 3005.dat
1 0 -70 -224 330 1 0 0 0 1 0 0 0 1 3005.dat
1 84 -50 -224 350 1 0 0 0 1 0 0 0 1 3005.dat
1 0 -30 -224 350 1 0 0 0 1 0 0 0 1 3005.dat
1 84 0 -224 350 1 0 0 0 1 0 0 0 1 98283.dat
1 0 30 -224 350 1 0 0 0 1 0 0 0 1 3005.dat
1 84 50 -224 350 1 0 0 0 1 0 0 0 1 3005.dat
1 71 -180 -200 -270 0 0 1 0 1 0 -1 0 0 11477.dat
1 71 160 -200 -270 0 0 1 0 1 0 -1 0 0 11477.dat
1 71 -230 -200 -220 1 0 0 0 1 0 0 0 1 11477.dat
1 71 230 -200 220 -1 0 0 0 1 0 0 0 -1 11477.dat
1 71 -180 -200 270 0 0 1 0 1 0 -1 0 0 11477.dat
1 71 160 -200 270 0 0 1 0 1 0 -1 0 0 11477.dat
1 71 -188 -220 -110 0 1 0 1 0 0 0 0 -1 2412b.dat
1 71 188 -220 -110 0 -1 0 1 0 0 0 0 1 2412b.dat
1 71 -188 -220 -70 0 1 0 1 0 0 0 0 -1 2412b.dat
1 71 188 -220 -70 0 -1 0 1 0 0 0 0 1 2412b.dat
1 71 -188 -220 -30 0 1 0 1 0 0 0 0 -1 2412b.dat
1 71 188 -220 -30 0 -1 0 1 0 0 0 0 1 2412b.dat
1 71 -188 -220 10 0 1 0 1 0 0 0 0 -1 2412b.dat
1 71 188 -220 10 0 -1 0 1 0 0 0 0 1 2412b.dat
1 71 -188 -220 50 0 1 0 1 0 0 0 0 -1 2412b.dat
1 71 188 -220 50 0 -1 0 1 0 0 0 0 1 2412b.dat
1 71 -188 -220 90 0 1 0 1 0 0 0 0 -1 2412b.dat
1 71 188 -220 90 0 -1 0 1 0 0 0 0 1 2412b.dat
1 71 -188 -220 130 0 1 0 1 0 0 0 0 -1 2412b.dat
1 71 188 -220 130 0 -1 0 1 0 0 0 0 1 2412b.dat
0 STEP
0 // Layer bottom 26 plates / 83.2 mm
1 71 -200 -216 -230 0 0 1 0 1 0 -1 0 0 3021.dat
1 71 -170 -216 -240 0 0 1 0 1 0 -1 0 0 3023.dat
1 71 180 -216 -230 0 0 1 0 1 0 -1 0 0 3021.dat
1 71 210 -216 -240 0 0 1 0 1 0 -1 0 0 3023.dat
1 71 -170 -216 -210 1 0 0 0 1 0 0 0 1 3024.dat
1 71 210 -216 -210 1 0 0 0 1 0 0 0 1 3024.dat
1 71 150 -216 -90 1 0 0 0 1 0 0 0 1 3024.dat
1 71 150 -216 -50 1 0 0 0 1 0 0 0 1 3024.dat
1 71 150 -216 -10 1 0 0 0 1 0 0 0 1 3024.dat
1 71 150 -216 30 1 0 0 0 1 0 0 0 1 3024.dat
1 71 150 -216 70 1 0 0 0 1 0 0 0 1 3024.dat
1 71 -210 -216 210 1 0 0 0 1 0 0 0 1 3024.dat
1 71 -180 -216 230 0 0 1 0 1 0 -1 0 0 3021.dat
1 71 180 -216 230 0 0 1 0 1 0 -1 0 0 3021.dat
1 71 210 -216 220 0 0 1 0 1 0 -1 0 0 3023.dat
1 71 -210 -216 240 0 0 1 0 1 0 -1 0 0 3023.dat
1 71 210 -216 250 1 0 0 0 1 0 0 0 1 3024.dat
1 71 220 -208 -210 0 0 -1 0 1 0 1 0 0 11477.dat
1 71 -220 -208 210 0 0 1 0 1 0 -1 0 0 11477.dat
0 STEP
0 // Layer bottom 27 plates / 86.4 mm
1 19 -300 -240 -300 1 0 0 0 1 0 0 0 1 3941.dat
1 19 300 -240 -300 1 0 0 0 1 0 0 0 1 3941.dat
1 71 -200 -224 -230 1 0 0 0 1 0 0 0 1 3023.dat
1 71 -170 -224 -230 1 0 0 0 1 0 0 0 1 3024.dat
1 71 170 -224 -230 1 0 0 0 1 0 0 0 1 3024.dat
1 71 200 -224 -230 1 0 0 0 1 0 0 0 1 3023.dat
1 71 -190 -224 -210 1 0 0 0 1 0 0 0 1 3024.dat
1 71 -170 -224 -210 1 0 0 0 1 0 0 0 1 3024.dat
1 71 180 -224 -210 1 0 0 0 1 0 0 0 1 3023.dat
1 71 150 -224 -90 1 0 0 0 1 0 0 0 1 3024.dat
1 71 150 -224 -50 1 0 0 0 1 0 0 0 1 3024.dat
1 71 150 -224 -10 1 0 0 0 1 0 0 0 1 3024.dat
1 71 150 -224 30 1 0 0 0 1 0 0 0 1 3024.dat
1 71 150 -224 70 1 0 0 0 1 0 0 0 1 3024.dat
1 71 -180 -224 210 1 0 0 0 1 0 0 0 1 3023.dat
1 71 170 -224 220 0 0 1 0 1 0 -1 0 0 3023.dat
1 71 190 -224 210 1 0 0 0 1 0 0 0 1 3024.dat
1 71 -200 -224 230 1 0 0 0 1 0 0 0 1 3023.dat
1 71 -170 -224 230 1 0 0 0 1 0 0 0 1 3024.dat
1 71 200 -224 230 1 0 0 0 1 0 0 0 1 3023.dat
1 71 170 -216 250 -1 0 0 0 1 0 0 0 -1 54200.dat
1 19 -300 -240 300 1 0 0 0 1 0 0 0 1 3941.dat
1 70 300 -240 300 1 0 0 0 1 0 0 0 1 3941.dat
1 71 -200 -216 -240 1 0 0 0 1 0 0 0 1 15068.dat
1 71 -170 -216 -240 1 0 0 0 1 0 0 0 1 11477.dat
1 71 170 -216 -240 1 0 0 0 1 0 0 0 1 11477.dat
1 71 200 -216 -240 1 0 0 0 1 0 0 0 1 15068.dat
1 71 -200 -216 -210 0 0 1 0 1 0 -1 0 0 11477.dat
1 71 200 -216 210 0 0 -1 0 1 0 1 0 0 11477.dat
1 71 -200 -216 240 -1 0 0 0 1 0 0 0 -1 15068.dat
1 71 -170 -216 240 -1 0 0 0 1 0 0 0 -1 11477.dat
1 71 200 -216 240 -1 0 0 0 1 0 0 0 -1 15068.dat
0 STEP
0 // Layer bottom 28 plates / 89.6 mm
1 71 -30 -232 -350 1 0 0 0 1 0 0 0 1 3024.dat
1 71 0 -232 -350 1 0 0 0 1 0 0 0 1 3023.dat
1 71 30 -232 -350 1 0 0 0 1 0 0 0 1 3024.dat
1 71 -20 -232 -300 1 0 0 0 1 0 0 0 1 3035.dat
1 71 80 -232 -320 1 0 0 0 1 0 0 0 1 3022.dat
1 71 -110 -224 -310 1 0 0 0 1 0 0 0 1 54200.dat
1 71 110 -224 -310 1 0 0 0 1 0 0 0 1 54200.dat
1 71 -120 -232 -280 1 0 0 0 1 0 0 0 1 3022.dat
1 71 100 -232 -260 1 0 0 0 1 0 0 0 1 3031.dat
1 71 -60 -232 -240 1 0 0 0 1 0 0 0 1 3034.dat
1 71 40 -248 -230 0 0 1 0 1 0 -1 0 0 3002.dat
1 71 -150 -232 -230 1 0 0 0 1 0 0 0 1 3024.dat
1 71 150 -232 -230 1 0 0 0 1 0 0 0 1 3024.dat
1 71 -170 -224 -210 1 0 0 0 1 0 0 0 1 54200.dat
1 71 -140 -232 -210 1 0 0 0 1 0 0 0 1 3023.dat
1 71 -60 -248 -210 1 0 0 0 1 0 0 0 1 3009.dat
1 71 10 -248 -210 1 0 0 0 1 0 0 0 1 3005.dat
1 71 80 -248 -210 1 0 0 0 1 0 0 0 1 3004.dat
1 71 110 -248 -210 1 0 0 0 1 0 0 0 1 3005.dat
1 71 140 -232 -210 1 0 0 0 1 0 0 0 1 3023.dat
1 71 170 -232 -210 1 0 0 0 1 0 0 0 1 3024.dat
1 84 -250 -248 -190 1 0 0 0 1 0 0 0 1 3005.dat
1 84 -230 -248 -160 0 0 1 0 1 0 -1 0 0 3010.dat
1 84 -210 -248 -160 0 0 1 0 1 0 -1 0 0 3010.dat
1 19 -190 -248 -160 0 0 1 0 1 0 -1 0 0 3010.dat
1 84 -140 -248 -180 1 0 0 0 1 0 0 0 1 3001.dat
1 71 -90 -248 -180 0 0 1 0 1 0 -1 0 0 3004.dat
1 71 -60 -248 -120 0 0 1 0 1 0 -1 0 0 3007.dat
1 71 -20 -248 -180 1 0 0 0 1 0 0 0 1 3003.dat
1 71 20 -248 -120 0 0 1 0 1 0 -1 0 0 3007.dat
1 71 50 -248 -180 0 0 1 0 1 0 -1 0 0 3004.dat
1 84 100 -248 -180 1 0 0 0 1 0 0 0 1 3001.dat
1 84 150 -248 -180 0 0 1 0 1 0 -1 0 0 3004.dat
1 84 170 -248 -160 0 0 1 0 1 0 -1 0 0 3010.dat
1 19 190 -248 -160 0 0 1 0 1 0 -1 0 0 3010.dat
1 84 220 -248 -160 0 0 1 0 1 0 -1 0 0 3001.dat
1 84 250 -248 -190 1 0 0 0 1 0 0 0 1 3005.dat
1 19 -250 -248 -160 0 0 -1 0 1 0 1 0 0 2877.dat
1 19 250 -248 -160 0 0 1 0 1 0 -1 0 0 2877.dat
1 84 -170 -248 -140 0 0 1 0 1 0 -1 0 0 3004.dat
1 71 -140 -248 -120 0 0 1 0 1 0 -1 0 0 3001.dat
1 71 100 -248 -120 0 0 1 0 1 0 -1 0 0 3001.dat
1 84 -250 -248 -130 1 0 0 0 1 0 0 0 1 3005.dat
1 84 250 -248 -130 1 0 0 0 1 0 0 0 1 3005.dat
1 71 -100 -248 -110 1 0 0 0 1 0 0 0 1 3004.dat
1 71 -20 -248 -110 1 0 0 0 1 0 0 0 1 3004.dat
1 71 60 -248 -110 1 0 0 0 1 0 0 0 1 3004.dat
1 71 140 -248 -110 1 0 0 0 1 0 0 0 1 3004.dat
1 484 -190 -248 -90 1 0 0 0 1 0 0 0 1 3005.dat
1 484 -170 -248 -90 1 0 0 0 1 0 0 0 1 3005.dat
1 71 150 -232 -90 1 0 0 0 1 0 0 0 1 3024.dat
1 484 170 -248 -90 1 0 0 0 1 0 0 0 1 3005.dat
1 484 190 -248 -90 1 0 0 0 1 0 0 0 1 3005.dat
1 71 -140 -248 -40 0 0 1 0 1 0 -1 0 0 3001.dat
1 71 100 -248 -40 0 0 1 0 1 0 -1 0 0 3001.dat
1 484 -190 -248 -50 1 0 0 0 1 0 0 0 1 3005.dat
1 484 -170 -248 -50 1 0 0 0 1 0 0 0 1 3005.dat
1 71 150 -232 -50 1 0 0 0 1 0 0 0 1 3024.dat
1 484 170 -248 -50 1 0 0 0 1 0 0 0 1 3005.dat
1 484 190 -248 -50 1 0 0 0 1 0 0 0 1 3005.dat
1 71 -60 -248 40 0 0 1 0 1 0 -1 0 0 3007.dat
1 71 20 -248 40 0 0 1 0 1 0 -1 0 0 3007.dat
1 484 -190 -248 -10 1 0 0 0 1 0 0 0 1 3005.dat
1 484 -170 -248 -10 1 0 0 0 1 0 0 0 1 3005.dat
1 71 150 -232 -10 1 0 0 0 1 0 0 0 1 3024.dat
1 484 170 -248 -10 1 0 0 0 1 0 0 0 1 3005.dat
1 484 190 -248 -10 1 0 0 0 1 0 0 0 1 3005.dat
1 71 -140 -248 40 0 0 1 0 1 0 -1 0 0 3001.dat
1 71 -100 -248 10 1 0 0 0 1 0 0 0 1 3004.dat
1 71 -20 -248 10 1 0 0 0 1 0 0 0 1 3004.dat
1 71 60 -248 10 1 0 0 0 1 0 0 0 1 3004.dat
1 71 100 -248 40 0 0 1 0 1 0 -1 0 0 3001.dat
1 71 140 -248 10 1 0 0 0 1 0 0 0 1 3004.dat
1 484 -190 -248 30 1 0 0 0 1 0 0 0 1 3005.dat
1 484 -170 -248 30 1 0 0 0 1 0 0 0 1 3005.dat
1 71 150 -232 30 1 0 0 0 1 0 0 0 1 3024.dat
1 484 170 -248 30 1 0 0 0 1 0 0 0 1 3005.dat
1 484 190 -248 30 1 0 0 0 1 0 0 0 1 3005.dat
1 484 -190 -248 70 1 0 0 0 1 0 0 0 1 3005.dat
1 484 -170 -248 70 1 0 0 0 1 0 0 0 1 3005.dat
1 71 150 -232 70 1 0 0 0 1 0 0 0 1 3024.dat
1 484 170 -248 70 1 0 0 0 1 0 0 0 1 3005.dat
1 484 190 -248 70 1 0 0 0 1 0 0 0 1 3005.dat
1 71 -140 -248 120 0 0 1 0 1 0 -1 0 0 3001.dat
1 71 100 -248 120 0 0 1 0 1 0 -1 0 0 3001.dat
1 484 -190 -248 110 1 0 0 0 1 0 0 0 1 3005.dat
1 484 -170 -248 110 1 0 0 0 1 0 0 0 1 3005.dat
1 484 170 -248 110 1 0 0 0 1 0 0 0 1 3005.dat
1 484 190 -248 110 1 0 0 0 1 0 0 0 1 3005.dat
1 84 -250 -248 130 1 0 0 0 1 0 0 0 1 3005.dat
1 84 -230 -248 160 0 0 1 0 1 0 -1 0 0 3010.dat
1 84 -210 -248 160 0 0 1 0 1 0 -1 0 0 3010.dat
1 71 -60 -248 130 1 0 0 0 1 0 0 0 1 3009.dat
1 71 20 -248 140 1 0 0 0 1 0 0 0 1 3003.dat
1 71 60 -248 130 1 0 0 0 1 0 0 0 1 3004.dat
1 71 140 -248 130 1 0 0 0 1 0 0 0 1 3004.dat
1 84 220 -248 160 0 0 1 0 1 0 -1 0 0 3001.dat
1 84 250 -248 130 1 0 0 0 1 0 0 0 1 3005.dat
1 19 -250 -248 160 0 0 -1 0 1 0 1 0 0 2877.dat
1 71 -190 -248 160 0 0 1 0 1 0 -1 0 0 3004.dat
1 71 -170 -248 150 1 0 0 0 1 0 0 0 1 3005.dat
1 71 -60 -248 150 1 0 0 0 1 0 0 0 1 3004.dat
1 84 170 -248 160 0 0 1 0 1 0 -1 0 0 3004.dat
1 19 190 -248 160 0 0 1 0 1 0 -1 0 0 3004.dat
1 19 250 -248 160 0 0 1 0 1 0 -1 0 0 2877.dat
1 84 -140 -248 180 1 0 0 0 1 0 0 0 1 3001.dat
1 71 -20 -248 180 1 0 0 0 1 0 0 0 1 3007.dat
1 84 100 -248 180 1 0 0 0 1 0 0 0 1 3001.dat
1 84 150 -248 180 0 0 1 0 1 0 -1 0 0 3004.dat
1 84 -250 -248 190 1 0 0 0 1 0 0 0 1 3005.dat
1 19 -190 -248 190 1 0 0 0 1 0 0 0 1 3005.dat
1 84 170 -248 190 1 0 0 0 1 0 0 0 1 3005.dat
1 19 190 -248 190 1 0 0 0 1 0 0 0 1 3005.dat
1 84 250 -248 190 1 0 0 0 1 0 0 0 1 3005.dat
1 71 -170 -232 210 1 0 0 0 1 0 0 0 1 3024.dat
1 71 -150 -232 210 1 0 0 0 1 0 0 0 1 3024.dat
1 71 -60 -232 240 1 0 0 0 1 0 0 0 1 3035.dat
1 71 60 -232 240 1 0 0 0 1 0 0 0 1 3031.dat
1 71 120 -232 240 0 0 1 0 1 0 -1 0 0 3020.dat
1 71 150 -232 210 1 0 0 0 1 0 0 0 1 3024.dat
1 71 170 -232 210 1 0 0 0 1 0 0 0 1 3024.dat
1 71 -150 -232 230 1 0 0 0 1 0 0 0 1 3024.dat
1 71 150 -232 230 1 0 0 0 1 0 0 0 1 3024.dat
1 71 -120 -232 290 1 0 0 0 1 0 0 0 1 3023.dat
1 71 -20 -232 300 1 0 0 0 1 0 0 0 1 3034.dat
1 71 80 -232 310 0 0 1 0 1 0 -1 0 0 3021.dat
1 71 120 -232 290 1 0 0 0 1 0 0 0 1 3023.dat
1 71 -110 -224 310 -1 0 0 0 1 0 0 0 -1 54200.dat
1 71 110 -224 310 -1 0 0 0 1 0 0 0 -1 54200.dat
1 71 -80 -232 330 1 0 0 0 1 0 0 0 1 3023.dat
1 71 -40 -232 330 1 0 0 0 1 0 0 0 1 3023.dat
1 71 0 -232 340 1 0 0 0 1 0 0 0 1 3022.dat
1 71 40 -232 330 1 0 0 0 1 0 0 0 1 3023.dat
1 71 -30 -232 350 1 0 0 0 1 0 0 0 1 3024.dat
1 71 30 -232 350 1 0 0 0 1 0 0 0 1 3024.dat
1 71 -40 -224 -350 0 0 1 0 1 0 -1 0 0 11477.dat
1 71 40 -224 -350 0 0 -1 0 1 0 1 0 0 11477.dat
1 71 -150 -224 -240 1 0 0 0 1 0 0 0 1 11477.dat
1 71 150 -224 -240 1 0 0 0 1 0 0 0 1 11477.dat
1 71 180 -224 -210 0 0 -1 0 1 0 1 0 0 11477.dat
1 71 -180 -224 210 0 0 1 0 1 0 -1 0 0 11477.dat
1 71 170 -224 220 -1 0 0 0 1 0 0 0 -1 11477.dat
1 71 -150 -224 240 -1 0 0 0 1 0 0 0 -1 11477.dat
1 71 150 -224 240 -1 0 0 0 1 0 0 0 -1 11477.dat
1 71 -40 -224 350 0 0 1 0 1 0 -1 0 0 11477.dat
1 71 40 -224 350 0 0 -1 0 1 0 1 0 0 11477.dat
0 STEP
0 // Layer bottom 29 plates / 92.8 mm
1 71 10 -240 -350 1 0 0 0 1 0 0 0 1 3024.dat
1 71 -20 -240 -320 1 0 0 0 1 0 0 0 1 3034.dat
1 71 80 -240 -320 1 0 0 0 1 0 0 0 1 3022.dat
1 71 -60 -240 -260 1 0 0 0 1 0 0 0 1 3035.dat
1 71 60 -240 -280 1 0 0 0 1 0 0 0 1 3020.dat
1 71 120 -240 -260 0 0 1 0 1 0 -1 0 0 3020.dat
1 71 80 -240 -240 1 0 0 0 1 0 0 0 1 3022.dat
1 71 -140 -240 -210 1 0 0 0 1 0 0 0 1 3023.dat
1 71 140 -240 -210 1 0 0 0 1 0 0 0 1 3023.dat
1 71 150 -240 -90 1 0 0 0 1 0 0 0 1 3024.dat
1 71 150 -240 -50 1 0 0 0 1 0 0 0 1 3024.dat
1 71 150 -240 -10 1 0 0 0 1 0 0 0 1 3024.dat
1 71 150 -240 30 1 0 0 0 1 0 0 0 1 3024.dat
1 71 150 -240 70 1 0 0 0 1 0 0 0 1 3024.dat
1 71 -150 -240 210 1 0 0 0 1 0 0 0 1 3024.dat
1 71 -60 -240 240 1 0 0 0 1 0 0 0 1 3035.dat
1 71 60 -240 240 1 0 0 0 1 0 0 0 1 3031.dat
1 71 120 -240 240 0 0 1 0 1 0 -1 0 0 3020.dat
1 71 150 -240 210 1 0 0 0 1 0 0 0 1 3024.dat
1 71 -120 -240 290 1 0 0 0 1 0 0 0 1 3023.dat
1 71 -20 -240 300 1 0 0 0 1 0 0 0 1 3034.dat
1 71 80 -240 310 0 0 1 0 1 0 -1 0 0 3021.dat
1 71 120 -240 290 1 0 0 0 1 0 0 0 1 3023.dat
1 71 -80 -240 330 1 0 0 0 1 0 0 0 1 3023.dat
1 71 -40 -240 330 1 0 0 0 1 0 0 0 1 3023.dat
1 71 0 -240 330 1 0 0 0 1 0 0 0 1 3023.dat
1 71 40 -240 330 1 0 0 0 1 0 0 0 1 3023.dat
1 71 10 -240 350 1 0 0 0 1 0 0 0 1 3024.dat
1 71 0 -232 -350 0 0 1 0 1 0 -1 0 0 11477.dat
1 71 0 -232 350 0 0 1 0 1 0 -1 0 0 11477.dat
0 STEP
0 // Layer bottom 30 plates / 96 mm
1 71 -20 -248 -320 1 0 0 0 1 0 0 0 1 3020.dat
1 71 40 -248 -320 1 0 0 0 1 0 0 0 1 3022.dat
1 19 -300 -264 -300 1 0 0 0 1 0 0 0 1 3941.dat
1 71 -80 -248 -310 1 0 0 0 1 0 0 0 1 3023.dat
1 71 80 -248 -310 1 0 0 0 1 0 0 0 1 3023.dat
1 19 300 -264 -300 1 0 0 0 1 0 0 0 1 3941.dat
1 71 -110 -248 -280 0 0 1 0 1 0 -1 0 0 3023.dat
1 71 -60 -248 -260 1 0 0 0 1 0 0 0 1 3031.dat
1 71 0 -248 -260 0 0 1 0 1 0 -1 0 0 3020.dat
1 71 40 -248 -280 1 0 0 0 1 0 0 0 1 3022.dat
1 71 80 -248 -260 0 0 1 0 1 0 -1 0 0 3020.dat
1 71 110 -248 -280 0 0 1 0 1 0 -1 0 0 3023.dat
1 71 -120 -248 -240 1 0 0 0 1 0 0 0 1 3022.dat
1 71 120 -248 -240 1 0 0 0 1 0 0 0 1 3022.dat
1 71 -130 -248 -210 1 0 0 0 1 0 0 0 1 3024.dat
1 71 130 -248 -210 1 0 0 0 1 0 0 0 1 3024.dat
1 84 -170 -248 -110 1 0 0 0 1 0 0 0 1 3024.dat
1 84 170 -248 -110 1 0 0 0 1 0 0 0 1 3024.dat
1 71 150 -248 -90 1 0 0 0 1 0 0 0 1 3024.dat
1 84 -170 -248 -70 1 0 0 0 1 0 0 0 1 3024.dat
1 84 170 -248 -70 1 0 0 0 1 0 0 0 1 3024.dat
1 71 150 -248 -50 1 0 0 0 1 0 0 0 1 3024.dat
1 84 -170 -248 -30 1 0 0 0 1 0 0 0 1 3024.dat
1 84 170 -248 -30 1 0 0 0 1 0 0 0 1 3024.dat
1 71 150 -248 -10 1 0 0 0 1 0 0 0 1 3024.dat
1 84 -170 -248 10 1 0 0 0 1 0 0 0 1 3024.dat
1 84 170 -248 10 1 0 0 0 1 0 0 0 1 3024.dat
1 71 150 -248 30 1 0 0 0 1 0 0 0 1 3024.dat
1 84 -170 -248 50 1 0 0 0 1 0 0 0 1 3024.dat
1 84 170 -248 50 1 0 0 0 1 0 0 0 1 3024.dat
1 71 150 -248 70 1 0 0 0 1 0 0 0 1 3024.dat
1 84 -170 -248 90 1 0 0 0 1 0 0 0 1 3024.dat
1 84 170 -248 90 1 0 0 0 1 0 0 0 1 3024.dat
1 84 -170 -248 130 1 0 0 0 1 0 0 0 1 3024.dat
1 84 170 -248 130 1 0 0 0 1 0 0 0 1 3024.dat
1 71 -130 -248 210 1 0 0 0 1 0 0 0 1 3024.dat
1 71 -110 -248 210 1 0 0 0 1 0 0 0 1 3024.dat
1 71 -20 -248 240 1 0 0 0 1 0 0 0 1 3035.dat
1 71 80 -248 240 0 0 1 0 1 0 -1 0 0 3020.dat
1 71 110 -248 210 1 0 0 0 1 0 0 0 1 3024.dat
1 71 130 -248 210 1 0 0 0 1 0 0 0 1 3024.dat
1 71 -120 -248 240 1 0 0 0 1 0 0 0 1 3022.dat
1 71 120 -248 240 1 0 0 0 1 0 0 0 1 3022.dat
1 71 -110 -248 280 0 0 1 0 1 0 -1 0 0 3023.dat
1 71 110 -248 280 0 0 1 0 1 0 -1 0 0 3023.dat
1 19 -300 -264 300 1 0 0 0 1 0 0 0 1 3941.dat
1 71 -80 -248 290 1 0 0 0 1 0 0 0 1 3023.dat
1 71 -20 -248 300 1 0 0 0 1 0 0 0 1 3020.dat
1 71 40 -248 310 0 0 1 0 1 0 -1 0 0 3021.dat
1 71 80 -248 290 1 0 0 0 1 0 0 0 1 3023.dat
1 70 300 -264 300 1 0 0 0 1 0 0 0 1 3941.dat
1 71 -80 -248 310 1 0 0 0 1 0 0 0 1 3023.dat
1 71 80 -248 310 1 0 0 0 1 0 0 0 1 3023.dat
1 71 -40 -248 330 1 0 0 0 1 0 0 0 1 3023.dat
1 71 0 -248 330 1 0 0 0 1 0 0 0 1 3023.dat
1 71 -80 -240 -320 1 0 0 0 1 0 0 0 1 15068.dat
1 71 80 -240 -320 1 0 0 0 1 0 0 0 1 15068.dat
1 71 -120 -240 -280 0 0 1 0 1 0 -1 0 0 15068.dat
1 71 120 -240 -280 0 0 -1 0 1 0 1 0 0 15068.dat
1 71 -140 -240 -210 0 0 1 0 1 0 -1 0 0 11477.dat
1 71 140 -240 -210 0 0 -1 0 1 0 1 0 0 11477.dat
1 71 -140 -240 210 0 0 1 0 1 0 -1 0 0 11477.dat
1 71 140 -240 210 0 0 -1 0 1 0 1 0 0 11477.dat
1 71 -120 -240 280 0 0 1 0 1 0 -1 0 0 15068.dat
1 71 120 -240 280 0 0 -1 0 1 0 1 0 0 15068.dat
1 71 -80 -240 320 -1 0 0 0 1 0 0 0 -1 15068.dat
1 71 80 -240 320 -1 0 0 0 1 0 0 0 -1 15068.dat
0 STEP
0 // Layer bottom 31 plates / 99.2 mm
1 71 -20 -256 -320 1 0 0 0 1 0 0 0 1 3020.dat
1 71 40 -256 -320 1 0 0 0 1 0 0 0 1 3022.dat
1 71 -20 -256 -260 1 0 0 0 1 0 0 0 1 3035.dat
1 71 80 -256 -280 1 0 0 0 1 0 0 0 1 3022.dat
1 71 -120 -256 -240 1 0 0 0 1 0 0 0 1 3022.dat
1 71 100 -256 -240 1 0 0 0 1 0 0 0 1 3020.dat
1 71 -100 -256 -210 1 0 0 0 1 0 0 0 1 3023.dat
1 71 -60 -256 -210 1 0 0 0 1 0 0 0 1 3023.dat
1 71 -20 -272 -210 1 0 0 0 1 0 0 0 1 3004.dat
1 71 10 -272 -210 1 0 0 0 1 0 0 0 1 3005.dat
1 71 40 -256 -210 1 0 0 0 1 0 0 0 1 3023.dat
1 71 70 -256 -210 1 0 0 0 1 0 0 0 1 3024.dat
1 71 100 -256 -210 1 0 0 0 1 0 0 0 1 3023.dat
1 84 -250 -272 -180 0 0 1 0 1 0 -1 0 0 98283.dat
1 84 -230 -272 -190 1 0 0 0 1 0 0 0 1 3005.dat
1 84 -210 -272 -190 1 0 0 0 1 0 0 0 1 3005.dat
1 19 -190 -272 -190 1 0 0 0 1 0 0 0 1 3005.dat
1 84 -160 -272 -190 1 0 0 0 1 0 0 0 1 98283.dat
1 0 -130 -272 -190 1 0 0 0 1 0 0 0 1 3005.dat
1 84 -100 -272 -190 1 0 0 0 1 0 0 0 1 3004.dat
1 71 -60 -272 -120 0 0 1 0 1 0 -1 0 0 3007.dat
1 71 -20 -272 -180 1 0 0 0 1 0 0 0 1 3003.dat
1 71 20 -272 -120 0 0 1 0 1 0 -1 0 0 3007.dat
1 71 60 -272 -190 1 0 0 0 1 0 0 0 1 3004.dat
1 71 90 -272 -190 1 0 0 0 1 0 0 0 1 3005.dat
1 0 110 -272 -190 1 0 0 0 1 0 0 0 1 3005.dat
1 84 140 -272 -190 1 0 0 0 1 0 0 0 1 98283.dat
1 0 170 -272 -190 1 0 0 0 1 0 0 0 1 3005.dat
1 19 190 -272 -190 1 0 0 0 1 0 0 0 1 3005.dat
1 84 220 -272 -190 1 0 0 0 1 0 0 0 1 98283.dat
1 84 250 -272 -180 0 0 1 0 1 0 -1 0 0 98283.dat
1 84 -230 -272 -160 0 0 1 0 1 0 -1 0 0 3004.dat
1 84 -210 -272 -160 0 0 1 0 1 0 -1 0 0 3004.dat
1 71 -190 -272 -160 0 0 1 0 1 0 -1 0 0 3004.dat
1 84 -140 -272 -170 1 0 0 0 1 0 0 0 1 3010.dat
1 71 -90 -272 -170 1 0 0 0 1 0 0 0 1 3005.dat
1 71 50 -272 -170 1 0 0 0 1 0 0 0 1 3005.dat
1 84 100 -272 -170 1 0 0 0 1 0 0 0 1 3010.dat
1 84 160 -272 -170 1 0 0 0 1 0 0 0 1 3004.dat
1 19 190 -272 -160 0 0 1 0 1 0 -1 0 0 3004.dat
1 84 220 -272 -160 1 0 0 0 1 0 0 0 1 3003.dat
1 84 -250 -272 -140 0 0 1 0 1 0 -1 0 0 98283.dat
1 71 -170 -272 -140 0 0 1 0 1 0 -1 0 0 3004.dat
1 71 -140 -256 -120 0 0 1 0 1 0 -1 0 0 3020.dat
1 71 100 -272 -120 0 0 1 0 1 0 -1 0 0 3001.dat
1 84 170 -272 -140 0 0 1 0 1 0 -1 0 0 98283.dat
1 84 250 -272 -140 0 0 1 0 1 0 -1 0 0 98283.dat
1 84 -230 -272 -130 1 0 0 0 1 0 0 0 1 3005.dat
1 84 -210 -272 -130 1 0 0 0 1 0 0 0 1 3005.dat
1 19 -190 -272 -130 1 0 0 0 1 0 0 0 1 3005.dat
1 19 190 -272 -130 1 0 0 0 1 0 0 0 1 3005.dat
1 84 220 -272 -130 1 0 0 0 1 0 0 0 1 98283.dat
1 19 -190 -320 0 0 0 1 0 1 0 -1 0 0 6108.dat
1 484 -170 -272 -110 1 0 0 0 1 0 0 0 1 3005.dat
1 71 -100 -272 -110 1 0 0 0 1 0 0 0 1 3004.dat
1 71 -20 -272 -110 1 0 0 0 1 0 0 0 1 3004.dat
1 71 60 -272 -110 1 0 0 0 1 0 0 0 1 3004.dat
1 71 140 -272 -110 1 0 0 0 1 0 0 0 1 3004.dat
1 484 170 -272 -110 1 0 0 0 1 0 0 0 1 3005.dat
1 19 190 -320 0 0 0 1 0 1 0 -1 0 0 6108.dat
1 0 -170 -256 -80 0 0 1 0 1 0 -1 0 0 3023.dat
1 71 150 -256 -90 1 0 0 0 1 0 0 0 1 3024.dat
1 0 170 -256 -80 0 0 1 0 1 0 -1 0 0 3023.dat
1 71 -140 -256 -40 0 0 1 0 1 0 -1 0 0 3020.dat
1 71 100 -272 -40 0 0 1 0 1 0 -1 0 0 3001.dat
1 484 -170 -256 -40 0 0 1 0 1 0 -1 0 0 3023.dat
1 71 150 -256 -50 1 0 0 0 1 0 0 0 1 3024.dat
1 484 170 -256 -40 0 0 1 0 1 0 -1 0 0 3023.dat
1 71 -60 -272 40 0 0 1 0 1 0 -1 0 0 3007.dat
1 71 20 -272 40 0 0 1 0 1 0 -1 0 0 3007.dat
1 0 -170 -272 0 0 0 1 0 1 0 -1 0 0 3004.dat
1 71 150 -256 -10 1 0 0 0 1 0 0 0 1 3024.dat
1 0 170 -272 0 0 0 1 0 1 0 -1 0 0 3004.dat
1 71 -140 -256 40 0 0 1 0 1 0 -1 0 0 3020.dat
1 71 -100 -272 10 1 0 0 0 1 0 0 0 1 3004.dat
1 71 -20 -272 10 1 0 0 0 1 0 0 0 1 3004.dat
1 71 60 -272 10 1 0 0 0 1 0 0 0 1 3004.dat
1 71 100 -272 40 0 0 1 0 1 0 -1 0 0 3001.dat
1 71 140 -272 10 1 0 0 0 1 0 0 0 1 3004.dat
1 484 -170 -256 40 0 0 1 0 1 0 -1 0 0 3023.dat
1 71 150 -256 30 1 0 0 0 1 0 0 0 1 3024.dat
1 484 170 -256 40 0 0 1 0 1 0 -1 0 0 3023.dat
1 0 -170 -256 80 0 0 1 0 1 0 -1 0 0 3023.dat
1 71 150 -256 70 1 0 0 0 1 0 0 0 1 3024.dat
1 0 170 -256 80 0 0 1 0 1 0 -1 0 0 3023.dat
1 71 -140 -272 120 0 0 1 0 1 0 -1 0 0 3001.dat
1 71 100 -272 120 0 0 1 0 1 0 -1 0 0 3001.dat
1 484 -170 -272 110 1 0 0 0 1 0 0 0 1 3005.dat
1 484 170 -272 110 1 0 0 0 1 0 0 0 1 3005.dat
1 84 -250 -272 140 0 0 1 0 1 0 -1 0 0 98283.dat
1 84 -230 -272 130 1 0 0 0 1 0 0 0 1 3005.dat
1 84 -210 -272 130 1 0 0 0 1 0 0 0 1 3005.dat
1 19 -190 -272 140 0 0 1 0 1 0 -1 0 0 3004.dat
1 71 -170 -272 140 0 0 1 0 1 0 -1 0 0 3004.dat
1 71 -60 -272 130 1 0 0 0 1 0 0 0 1 3009.dat
1 71 40 -272 130 1 0 0 0 1 0 0 0 1 3010.dat
1 71 140 -272 130 1 0 0 0 1 0 0 0 1 3004.dat
1 84 170 -272 140 0 0 1 0 1 0 -1 0 0 3004.dat
1 19 190 -272 140 0 0 1 0 1 0 -1 0 0 3004.dat
1 84 220 -272 130 1 0 0 0 1 0 0 0 1 98283.dat
1 84 250 -272 140 0 0 1 0 1 0 -1 0 0 98283.dat
1 84 -230 -272 160 0 0 1 0 1 0 -1 0 0 3004.dat
1 84 -210 -272 160 0 0 1 0 1 0 -1 0 0 3004.dat
1 71 -60 -272 150 1 0 0 0 1 0 0 0 1 3004.dat
1 71 20 -272 150 1 0 0 0 1 0 0 0 1 3004.dat
1 84 220 -272 160 1 0 0 0 1 0 0 0 1 3003.dat
1 84 -250 -272 180 0 0 1 0 1 0 -1 0 0 98283.dat
1 71 -190 -272 170 1 0 0 0 1 0 0 0 1 3005.dat
1 84 -140 -272 170 1 0 0 0 1 0 0 0 1 3010.dat
1 71 -90 -272 170 1 0 0 0 1 0 0 0 1 3005.dat
1 71 -20 -272 180 1 0 0 0 1 0 0 0 1 2456.dat
1 71 50 -272 170 1 0 0 0 1 0 0 0 1 3005.dat
1 84 100 -272 170 1 0 0 0 1 0 0 0 1 3010.dat
1 84 160 -272 170 1 0 0 0 1 0 0 0 1 3004.dat
1 71 190 -272 170 1 0 0 0 1 0 0 0 1 3005.dat
1 84 250 -272 180 0 0 1 0 1 0 -1 0 0 98283.dat
1 84 -230 -272 190 1 0 0 0 1 0 0 0 1 3005.dat
1 84 -210 -272 190 1 0 0 0 1 0 0 0 1 3005.dat
1 19 -190 -272 190 1 0 0 0 1 0 0 0 1 3005.dat
1 84 -160 -272 190 1 0 0 0 1 0 0 0 1 98283.dat
1 0 -130 -272 190 1 0 0 0 1 0 0 0 1 3005.dat
1 84 -100 -272 190 1 0 0 0 1 0 0 0 1 3004.dat
1 71 60 -272 190 1 0 0 0 1 0 0 0 1 3004.dat
1 71 90 -272 190 1 0 0 0 1 0 0 0 1 3005.dat
1 0 110 -272 190 1 0 0 0 1 0 0 0 1 3005.dat
1 84 140 -272 190 1 0 0 0 1 0 0 0 1 98283.dat
1 0 170 -272 190 1 0 0 0 1 0 0 0 1 3005.dat
1 19 190 -272 190 1 0 0 0 1 0 0 0 1 3005.dat
1 84 220 -272 190 1 0 0 0 1 0 0 0 1 98283.dat
1 71 -110 -256 210 1 0 0 0 1 0 0 0 1 3024.dat
1 71 -20 -256 240 1 0 0 0 1 0 0 0 1 3035.dat
1 71 80 -256 210 1 0 0 0 1 0 0 0 1 3023.dat
1 71 110 -256 210 1 0 0 0 1 0 0 0 1 3024.dat
1 71 -120 -256 240 1 0 0 0 1 0 0 0 1 3022.dat
1 71 100 -256 240 1 0 0 0 1 0 0 0 1 3020.dat
1 71 80 -256 280 1 0 0 0 1 0 0 0 1 3022.dat
1 71 -80 -256 290 1 0 0 0 1 0 0 0 1 3023.dat
1 71 -20 -256 300 1 0 0 0 1 0 0 0 1 3020.dat
1 71 40 -256 310 0 0 1 0 1 0 -1 0 0 3021.dat
1 71 -40 -256 330 1 0 0 0 1 0 0 0 1 3023.dat
1 71 0 -256 330 1 0 0 0 1 0 0 0 1 3023.dat
0 STEP
0 // Layer bottom 32 plates / 102.4 mm
1 71 -40 -264 -310 1 0 0 0 1 0 0 0 1 3023.dat
1 71 0 -264 -310 1 0 0 0 1 0 0 0 1 3023.dat
1 71 40 -264 -310 1 0 0 0 1 0 0 0 1 3023.dat
1 71 -20 -264 -260 1 0 0 0 1 0 0 0 1 3031.dat
1 71 40 -264 -260 0 0 1 0 1 0 -1 0 0 3020.dat
1 71 -80 -264 -270 1 0 0 0 1 0 0 0 1 3023.dat
1 71 80 -264 -270 1 0 0 0 1 0 0 0 1 3023.dat
1 71 -110 -264 -240 0 0 1 0 1 0 -1 0 0 3023.dat
1 71 -80 -264 -230 0 0 1 0 1 0 -1 0 0 3021.dat
1 71 80 -264 -230 0 0 1 0 1 0 -1 0 0 3021.dat
1 71 110 -264 -240 0 0 1 0 1 0 -1 0 0 3023.dat
1 71 -110 -264 -210 1 0 0 0 1 0 0 0 1 3024.dat
1 71 -50 -264 -210 1 0 0 0 1 0 0 0 1 3024.dat
1 71 40 -264 -210 1 0 0 0 1 0 0 0 1 3023.dat
1 71 110 -264 -210 1 0 0 0 1 0 0 0 1 3024.dat
1 71 -140 -264 -130 0 0 1 0 1 0 -1 0 0 3021.dat
1 19 -150 -296 -90 0 0 1 0 1 0 -1 0 0 32952.dat
1 71 -130 -264 -90 1 0 0 0 1 0 0 0 1 3024.dat
1 19 150 -296 -90 0 0 -1 0 1 0 1 0 0 32952.dat
1 0 -170 -264 -70 1 0 0 0 1 0 0 0 1 3024.dat
1 71 -140 -264 -40 0 0 1 0 1 0 -1 0 0 3020.dat
1 0 170 -264 -70 1 0 0 0 1 0 0 0 1 3024.dat
1 484 -170 -264 -40 0 0 1 0 1 0 -1 0 0 3023.dat
1 71 150 -264 -50 1 0 0 0 1 0 0 0 1 3024.dat
1 484 170 -264 -40 0 0 1 0 1 0 -1 0 0 3023.dat
1 71 150 -264 -10 1 0 0 0 1 0 0 0 1 3024.dat
1 71 -140 -264 30 0 0 1 0 1 0 -1 0 0 3021.dat
1 484 -170 -264 40 0 0 1 0 1 0 -1 0 0 3023.dat
1 71 150 -264 30 1 0 0 0 1 0 0 0 1 3024.dat
1 484 170 -264 40 0 0 1 0 1 0 -1 0 0 3023.dat
1 19 -150 -296 70 0 0 1 0 1 0 -1 0 0 32952.dat
1 71 -130 -264 70 1 0 0 0 1 0 0 0 1 3024.dat
1 19 150 -296 70 0 0 -1 0 1 0 1 0 0 32952.dat
1 0 -170 -264 90 1 0 0 0 1 0 0 0 1 3024.dat
1 0 170 -264 90 1 0 0 0 1 0 0 0 1 3024.dat
1 71 -110 -264 210 1 0 0 0 1 0 0 0 1 3024.dat
1 71 -80 -264 230 0 0 1 0 1 0 -1 0 0 3021.dat
1 71 -20 -264 240 1 0 0 0 1 0 0 0 1 3031.dat
1 71 40 -264 240 0 0 1 0 1 0 -1 0 0 3020.dat
1 71 80 -264 230 0 0 1 0 1 0 -1 0 0 3021.dat
1 71 110 -264 210 1 0 0 0 1 0 0 0 1 3024.dat
1 71 -110 -264 240 0 0 1 0 1 0 -1 0 0 3023.dat
1 71 110 -264 240 0 0 1 0 1 0 -1 0 0 3023.dat
1 71 -80 -264 270 1 0 0 0 1 0 0 0 1 3023.dat
1 71 80 -264 270 1 0 0 0 1 0 0 0 1 3023.dat
1 71 -40 -264 290 1 0 0 0 1 0 0 0 1 3023.dat
1 71 0 -264 290 1 0 0 0 1 0 0 0 1 3023.dat
1 71 40 -264 290 1 0 0 0 1 0 0 0 1 3023.dat
1 71 -40 -264 310 1 0 0 0 1 0 0 0 1 3023.dat
1 71 0 -264 310 1 0 0 0 1 0 0 0 1 3023.dat
1 71 40 -264 310 1 0 0 0 1 0 0 0 1 3023.dat
1 71 -40 -256 -320 1 0 0 0 1 0 0 0 1 15068.dat
1 71 0 -256 -320 1 0 0 0 1 0 0 0 1 15068.dat
1 71 40 -256 -320 1 0 0 0 1 0 0 0 1 15068.dat
1 71 -80 -256 -280 1 0 0 0 1 0 0 0 1 15068.dat
1 71 80 -256 -280 1 0 0 0 1 0 0 0 1 15068.dat
1 71 -120 -256 -240 0 0 1 0 1 0 -1 0 0 15068.dat
1 71 120 -256 -240 0 0 -1 0 1 0 1 0 0 15068.dat
1 71 -120 -256 240 0 0 1 0 1 0 -1 0 0 15068.dat
1 71 120 -256 240 0 0 -1 0 1 0 1 0 0 15068.dat
1 71 -80 -256 280 -1 0 0 0 1 0 0 0 -1 15068.dat
1 71 80 -256 280 -1 0 0 0 1 0 0 0 -1 15068.dat
1 71 -40 -256 320 -1 0 0 0 1 0 0 0 -1 15068.dat
1 71 0 -256 320 -1 0 0 0 1 0 0 0 -1 15068.dat
1 71 40 -256 320 -1 0 0 0 1 0 0 0 -1 15068.dat
1 71 -168 -276 -90 0 1 0 1 0 0 0 0 -1 2412b.dat
1 71 168 -276 -90 0 -1 0 1 0 0 0 0 1 2412b.dat
1 71 -168 -276 70 0 1 0 1 0 0 0 0 -1 2412b.dat
1 71 168 -276 70 0 -1 0 1 0 0 0 0 1 2412b.dat
0 STEP
0 // Layer bottom 33 plates / 105.6 mm
1 19 -300 -288 -300 1 0 0 0 1 0 0 0 1 3941.dat
1 19 300 -288 -300 1 0 0 0 1 0 0 0 1 3941.dat
1 71 0 -272 -280 1 0 0 0 1 0 0 0 1 3022.dat
1 71 -40 -272 -270 1 0 0 0 1 0 0 0 1 3023.dat
1 71 40 -272 -270 1 0 0 0 1 0 0 0 1 3023.dat
1 71 -70 -272 -240 0 0 1 0 1 0 -1 0 0 3023.dat
1 71 -20 -272 -240 1 0 0 0 1 0 0 0 1 3020.dat
1 71 40 -272 -230 0 0 1 0 1 0 -1 0 0 3021.dat
1 71 70 -272 -240 0 0 1 0 1 0 -1 0 0 3023.dat
1 71 -90 -272 -210 1 0 0 0 1 0 0 0 1 3024.dat
1 71 -60 -272 -210 1 0 0 0 1 0 0 0 1 3023.dat
1 71 70 -272 -210 1 0 0 0 1 0 0 0 1 3024.dat
1 71 90 -272 -210 1 0 0 0 1 0 0 0 1 3024.dat
1 71 -140 -272 -130 0 0 1 0 1 0 -1 0 0 3021.dat
1 71 -130 -272 -90 1 0 0 0 1 0 0 0 1 3024.dat
1 0 -170 -272 -70 1 0 0 0 1 0 0 0 1 3024.dat
1 71 -140 -272 -70 1 0 0 0 1 0 0 0 1 3023.dat
1 0 170 -272 -70 1 0 0 0 1 0 0 0 1 3024.dat
1 19 -150 -304 -50 0 0 1 0 1 0 -1 0 0 32952.dat
1 71 -130 -272 -50 1 0 0 0 1 0 0 0 1 3024.dat
1 19 150 -304 -50 0 0 -1 0 1 0 1 0 0 32952.dat
1 484 -170 -272 -30 1 0 0 0 1 0 0 0 1 3024.dat
1 71 -140 -272 -20 1 0 0 0 1 0 0 0 1 3022.dat
1 484 170 -272 -30 1 0 0 0 1 0 0 0 1 3024.dat
1 71 150 -272 -10 1 0 0 0 1 0 0 0 1 3024.dat
1 71 -140 -272 10 1 0 0 0 1 0 0 0 1 3023.dat
1 19 -150 -304 30 0 0 1 0 1 0 -1 0 0 32952.dat
1 71 -130 -272 30 1 0 0 0 1 0 0 0 1 3024.dat
1 19 150 -304 30 0 0 -1 0 1 0 1 0 0 32952.dat
1 484 -170 -272 50 1 0 0 0 1 0 0 0 1 3024.dat
1 71 -150 -272 50 1 0 0 0 1 0 0 0 1 3024.dat
1 71 -130 -272 60 0 0 1 0 1 0 -1 0 0 3023.dat
1 484 170 -272 50 1 0 0 0 1 0 0 0 1 3024.dat
1 0 -170 -272 90 1 0 0 0 1 0 0 0 1 3024.dat
1 0 170 -272 90 1 0 0 0 1 0 0 0 1 3024.dat
1 71 -90 -272 210 1 0 0 0 1 0 0 0 1 3024.dat
1 71 -70 -272 210 1 0 0 0 1 0 0 0 1 3024.dat
1 71 -20 -272 220 1 0 0 0 1 0 0 0 1 3020.dat
1 71 40 -272 230 0 0 1 0 1 0 -1 0 0 3021.dat
1 71 70 -272 210 1 0 0 0 1 0 0 0 1 3024.dat
1 71 90 -272 210 1 0 0 0 1 0 0 0 1 3024.dat
1 71 -70 -272 240 0 0 1 0 1 0 -1 0 0 3023.dat
1 71 70 -272 240 0 0 1 0 1 0 -1 0 0 3023.dat
1 71 -40 -272 250 1 0 0 0 1 0 0 0 1 3023.dat
1 71 0 -272 270 0 0 1 0 1 0 -1 0 0 3021.dat
1 71 -40 -272 270 1 0 0 0 1 0 0 0 1 3023.dat
1 71 40 -272 270 1 0 0 0 1 0 0 0 1 3023.dat
1 19 -300 -288 300 1 0 0 0 1 0 0 0 1 3941.dat
1 70 300 -288 300 1 0 0 0 1 0 0 0 1 3941.dat
1 71 -40 -264 -280 1 0 0 0 1 0 0 0 1 15068.dat
1 71 40 -264 -280 1 0 0 0 1 0 0 0 1 15068.dat
1 71 -80 -264 -240 0 0 1 0 1 0 -1 0 0 15068.dat
1 71 80 -264 -240 0 0 -1 0 1 0 1 0 0 15068.dat
1 71 -100 -264 -210 0 0 1 0 1 0 -1 0 0 11477.dat
1 71 100 -264 -210 0 0 -1 0 1 0 1 0 0 11477.dat
1 71 -100 -264 210 0 0 1 0 1 0 -1 0 0 11477.dat
1 71 100 -264 210 0 0 -1 0 1 0 1 0 0 11477.dat
1 71 -80 -264 240 0 0 1 0 1 0 -1 0 0 15068.dat
1 71 80 -264 240 0 0 -1 0 1 0 1 0 0 15068.dat
1 71 -40 -264 280 -1 0 0 0 1 0 0 0 -1 15068.dat
1 71 40 -264 280 -1 0 0 0 1 0 0 0 -1 15068.dat
1 71 -168 -284 -50 0 1 0 1 0 0 0 0 -1 2412b.dat
1 71 168 -284 -50 0 -1 0 1 0 0 0 0 1 2412b.dat
1 71 -168 -284 30 0 1 0 1 0 0 0 0 -1 2412b.dat
1 71 168 -284 30 0 -1 0 1 0 0 0 0 1 2412b.dat
0 STEP
0 // Layer bottom 34 plates / 108.8 mm
1 71 0 -280 -270 1 0 0 0 1 0 0 0 1 3023.dat
1 71 0 -280 -230 0 0 1 0 1 0 -1 0 0 3021.dat
1 71 -40 -280 -230 1 0 0 0 1 0 0 0 1 3023.dat
1 71 40 -280 -230 1 0 0 0 1 0 0 0 1 3023.dat
1 71 -50 -280 -210 1 0 0 0 1 0 0 0 1 3024.dat
1 71 -30 -280 -210 1 0 0 0 1 0 0 0 1 3024.dat
1 71 30 -280 -210 1 0 0 0 1 0 0 0 1 3024.dat
1 71 50 -280 -210 1 0 0 0 1 0 0 0 1 3024.dat
1 84 -240 -296 -160 0 0 1 0 1 0 -1 0 0 3001.dat
1 84 -210 -296 -160 0 0 1 0 1 0 -1 0 0 3010.dat
1 19 -190 -296 -160 0 0 1 0 1 0 -1 0 0 3010.dat
1 84 -170 -296 -160 0 0 1 0 1 0 -1 0 0 3010.dat
1 84 -150 -296 -180 0 0 1 0 1 0 -1 0 0 3004.dat
1 0 -130 -296 -190 1 0 0 0 1 0 0 0 1 3005.dat
1 84 -100 -296 -180 1 0 0 0 1 0 0 0 1 3003.dat
1 0 -70 -296 -190 1 0 0 0 1 0 0 0 1 3005.dat
1 84 -40 -296 -180 1 0 0 0 1 0 0 0 1 3003.dat
1 0 -10 -296 -190 1 0 0 0 1 0 0 0 1 3005.dat
1 84 20 -296 -180 1 0 0 0 1 0 0 0 1 3003.dat
1 0 50 -296 -190 1 0 0 0 1 0 0 0 1 3005.dat
1 84 80 -296 -180 1 0 0 0 1 0 0 0 1 3003.dat
1 0 110 -296 -190 1 0 0 0 1 0 0 0 1 3005.dat
1 84 140 -296 -180 1 0 0 0 1 0 0 0 1 3003.dat
1 0 170 -296 -190 1 0 0 0 1 0 0 0 1 3005.dat
1 19 190 -296 -160 0 0 1 0 1 0 -1 0 0 3010.dat
1 84 220 -296 -160 0 0 1 0 1 0 -1 0 0 3001.dat
1 84 250 -296 -160 0 0 1 0 1 0 -1 0 0 3010.dat
1 71 -130 -296 -170 1 0 0 0 1 0 0 0 1 3005.dat
1 71 -70 -296 -170 1 0 0 0 1 0 0 0 1 3005.dat
1 71 -10 -296 -170 1 0 0 0 1 0 0 0 1 3005.dat
1 71 50 -296 -170 1 0 0 0 1 0 0 0 1 3005.dat
1 71 110 -296 -170 1 0 0 0 1 0 0 0 1 3005.dat
1 84 170 -296 -160 0 0 1 0 1 0 -1 0 0 3004.dat
1 71 -140 -296 -130 0 0 1 0 1 0 -1 0 0 3002.dat
1 71 -60 -296 -80 0 0 1 0 1 0 -1 0 0 3007.dat
1 71 20 -296 -80 0 0 1 0 1 0 -1 0 0 3007.dat
1 71 100 -296 -120 0 0 1 0 1 0 -1 0 0 3001.dat
1 84 170 -296 -130 1 0 0 0 1 0 0 0 1 3005.dat
1 84 -190 -296 -110 1 0 0 0 1 0 0 0 1 3005.dat
1 484 -170 -296 -110 1 0 0 0 1 0 0 0 1 3005.dat
1 71 -100 -296 -110 1 0 0 0 1 0 0 0 1 3004.dat
1 71 -20 -296 -110 1 0 0 0 1 0 0 0 1 3004.dat
1 71 60 -296 -110 1 0 0 0 1 0 0 0 1 3004.dat
1 71 140 -296 -110 1 0 0 0 1 0 0 0 1 3004.dat
1 484 170 -296 -110 1 0 0 0 1 0 0 0 1 3005.dat
1 84 190 -296 -110 1 0 0 0 1 0 0 0 1 3005.dat
1 71 -130 -296 -90 1 0 0 0 1 0 0 0 1 3005.dat
1 484 -170 -296 -70 1 0 0 0 1 0 0 0 1 3005.dat
1 71 -150 -296 -70 1 0 0 0 1 0 0 0 1 3005.dat
1 71 -130 -296 -40 0 0 1 0 1 0 -1 0 0 3010.dat
1 71 100 -296 -40 0 0 1 0 1 0 -1 0 0 3001.dat
1 484 170 -296 -70 1 0 0 0 1 0 0 0 1 3005.dat
1 484 -170 -296 -30 1 0 0 0 1 0 0 0 1 3005.dat
1 71 -150 -296 -30 1 0 0 0 1 0 0 0 1 3005.dat
1 484 170 -296 -30 1 0 0 0 1 0 0 0 1 3005.dat
1 19 -150 -312 -10 0 0 1 0 1 0 -1 0 0 32952.dat
1 19 150 -312 -10 0 0 -1 0 1 0 1 0 0 32952.dat
1 484 -170 -296 10 1 0 0 0 1 0 0 0 1 3005.dat
1 71 -150 -296 10 1 0 0 0 1 0 0 0 1 3005.dat
1 71 -130 -296 40 0 0 1 0 1 0 -1 0 0 3010.dat
1 71 -100 -296 10 1 0 0 0 1 0 0 0 1 3004.dat
1 71 -60 -296 80 0 0 1 0 1 0 -1 0 0 3007.dat
1 71 -20 -296 10 1 0 0 0 1 0 0 0 1 3004.dat
1 71 20 -296 80 0 0 1 0 1 0 -1 0 0 3007.dat
1 71 60 -296 10 1 0 0 0 1 0 0 0 1 3004.dat
1 71 100 -296 40 0 0 1 0 1 0 -1 0 0 3001.dat
1 71 140 -296 10 1 0 0 0 1 0 0 0 1 3004.dat
1 484 170 -296 10 1 0 0 0 1 0 0 0 1 3005.dat
1 484 -170 -296 50 1 0 0 0 1 0 0 0 1 3005.dat
1 71 -150 -296 50 1 0 0 0 1 0 0 0 1 3005.dat
1 484 170 -296 50 1 0 0 0 1 0 0 0 1 3005.dat
1 484 -170 -296 100 0 0 1 0 1 0 -1 0 0 3004.dat
1 71 -140 -296 120 0 0 1 0 1 0 -1 0 0 3001.dat
1 71 100 -296 120 0 0 1 0 1 0 -1 0 0 3001.dat
1 484 170 -296 100 0 0 1 0 1 0 -1 0 0 3004.dat
1 84 -190 -296 110 1 0 0 0 1 0 0 0 1 3005.dat
1 84 190 -296 110 1 0 0 0 1 0 0 0 1 3005.dat
1 84 -240 -296 160 0 0 1 0 1 0 -1 0 0 3001.dat
1 84 -210 -296 160 0 0 1 0 1 0 -1 0 0 3010.dat
1 19 -190 -296 160 0 0 1 0 1 0 -1 0 0 3010.dat
1 84 -170 -296 160 0 0 1 0 1 0 -1 0 0 3010.dat
1 71 -100 -296 130 1 0 0 0 1 0 0 0 1 3004.dat
1 71 -20 -296 130 1 0 0 0 1 0 0 0 1 3004.dat
1 71 60 -296 130 1 0 0 0 1 0 0 0 1 3004.dat
1 71 140 -296 130 1 0 0 0 1 0 0 0 1 3004.dat
1 84 170 -296 140 0 0 1 0 1 0 -1 0 0 3004.dat
1 19 190 -296 160 0 0 1 0 1 0 -1 0 0 3010.dat
1 84 220 -296 160 0 0 1 0 1 0 -1 0 0 3001.dat
1 84 250 -296 160 0 0 1 0 1 0 -1 0 0 3010.dat
1 84 -150 -296 180 0 0 1 0 1 0 -1 0 0 3004.dat
1 71 -130 -296 170 1 0 0 0 1 0 0 0 1 3005.dat
1 84 -100 -296 180 1 0 0 0 1 0 0 0 1 3003.dat
1 71 -70 -296 170 1 0 0 0 1 0 0 0 1 3005.dat
1 84 -40 -296 180 1 0 0 0 1 0 0 0 1 3003.dat
1 71 -10 -296 170 1 0 0 0 1 0 0 0 1 3005.dat
1 84 20 -296 180 1 0 0 0 1 0 0 0 1 3003.dat
1 71 50 -296 170 1 0 0 0 1 0 0 0 1 3005.dat
1 84 80 -296 180 1 0 0 0 1 0 0 0 1 3003.dat
1 71 110 -296 170 1 0 0 0 1 0 0 0 1 3005.dat
1 84 140 -296 180 1 0 0 0 1 0 0 0 1 3003.dat
1 71 170 -296 170 1 0 0 0 1 0 0 0 1 3005.dat
1 0 -130 -296 190 1 0 0 0 1 0 0 0 1 3005.dat
1 0 -70 -296 190 1 0 0 0 1 0 0 0 1 3005.dat
1 0 -10 -296 190 1 0 0 0 1 0 0 0 1 3005.dat
1 0 50 -296 190 1 0 0 0 1 0 0 0 1 3005.dat
1 0 110 -296 190 1 0 0 0 1 0 0 0 1 3005.dat
1 0 170 -296 190 1 0 0 0 1 0 0 0 1 3005.dat
1 71 -50 -280 210 1 0 0 0 1 0 0 0 1 3024.dat
1 71 -30 -280 210 1 0 0 0 1 0 0 0 1 3024.dat
1 71 0 -280 230 0 0 1 0 1 0 -1 0 0 3021.dat
1 71 30 -280 210 1 0 0 0 1 0 0 0 1 3024.dat
1 71 50 -280 210 1 0 0 0 1 0 0 0 1 3024.dat
1 71 -40 -280 230 1 0 0 0 1 0 0 0 1 3023.dat
1 71 40 -280 230 1 0 0 0 1 0 0 0 1 3023.dat
1 71 0 -280 270 1 0 0 0 1 0 0 0 1 3023.dat
1 71 0 -272 -280 1 0 0 0 1 0 0 0 1 15068.dat
1 71 -40 -272 -240 1 0 0 0 1 0 0 0 1 15068.dat
1 71 40 -272 -240 1 0 0 0 1 0 0 0 1 15068.dat
1 71 -60 -272 -210 0 0 1 0 1 0 -1 0 0 11477.dat
1 71 60 -272 -210 0 0 -1 0 1 0 1 0 0 11477.dat
1 71 -60 -272 210 0 0 1 0 1 0 -1 0 0 11477.dat
1 71 60 -272 210 0 0 -1 0 1 0 1 0 0 11477.dat
1 71 -40 -272 240 -1 0 0 0 1 0 0 0 -1 15068.dat
1 71 40 -272 240 -1 0 0 0 1 0 0 0 -1 15068.dat
1 71 0 -272 280 -1 0 0 0 1 0 0 0 -1 15068.dat
1 71 -168 -292 -10 0 1 0 1 0 0 0 0 -1 2412b.dat
1 71 168 -292 -10 0 -1 0 1 0 0 0 0 1 2412b.dat
0 STEP
0 // Layer bottom 35 plates / 112 mm
1 71 0 -288 -230 1 0 0 0 1 0 0 0 1 3023.dat
1 71 -10 -288 -210 1 0 0 0 1 0 0 0 1 3024.dat
1 71 10 -288 -210 1 0 0 0 1 0 0 0 1 3024.dat
1 71 -10 -288 210 1 0 0 0 1 0 0 0 1 3024.dat
1 71 10 -288 210 1 0 0 0 1 0 0 0 1 3024.dat
1 71 0 -288 230 1 0 0 0 1 0 0 0 1 3023.dat
1 71 0 -280 -240 1 0 0 0 1 0 0 0 1 15068.dat
1 71 -20 -280 -210 0 0 1 0 1 0 -1 0 0 11477.dat
1 71 20 -280 -210 0 0 -1 0 1 0 1 0 0 11477.dat
1 71 -20 -280 210 0 0 1 0 1 0 -1 0 0 11477.dat
1 71 20 -280 210 0 0 -1 0 1 0 1 0 0 11477.dat
1 71 0 -280 240 -1 0 0 0 1 0 0 0 -1 15068.dat
0 STEP
0 // Layer bottom 36 plates / 115.2 mm
1 19 -300 -312 -300 1 0 0 0 1 0 0 0 1 3941.dat
1 19 300 -312 -300 1 0 0 0 1 0 0 0 1 3941.dat
1 19 -300 -312 300 1 0 0 0 1 0 0 0 1 3941.dat
1 70 300 -312 300 1 0 0 0 1 0 0 0 1 3941.dat
0 STEP
0 // Layer bottom 37 plates / 118.4 mm
1 19 -250 -320 -190 1 0 0 0 1 0 0 0 1 3005.dat
1 19 -230 -320 -190 1 0 0 0 1 0 0 0 1 3005.dat
1 19 -210 -320 -190 1 0 0 0 1 0 0 0 1 3005.dat
1 19 -190 -320 -190 1 0 0 0 1 0 0 0 1 3005.dat
1 84 -160 -320 -190 1 0 0 0 1 0 0 0 1 98283.dat
1 84 -120 -320 -190 1 0 0 0 1 0 0 0 1 98283.dat
1 84 -80 -320 -190 1 0 0 0 1 0 0 0 1 98283.dat
1 84 -40 -320 -190 1 0 0 0 1 0 0 0 1 98283.dat
1 84 0 -320 -190 1 0 0 0 1 0 0 0 1 98283.dat
1 84 40 -320 -190 1 0 0 0 1 0 0 0 1 98283.dat
1 84 80 -320 -190 1 0 0 0 1 0 0 0 1 98283.dat
1 84 120 -320 -190 1 0 0 0 1 0 0 0 1 98283.dat
1 84 150 -320 -180 0 0 1 0 1 0 -1 0 0 98283.dat
1 84 170 -320 -190 1 0 0 0 1 0 0 0 1 3005.dat
1 19 190 -320 -190 1 0 0 0 1 0 0 0 1 3005.dat
1 19 220 -320 -190 1 0 0 0 1 0 0 0 1 98283.dat
1 19 250 -320 -190 1 0 0 0 1 0 0 0 1 3005.dat
1 19 -250 -320 -170 0 0 1 0 1 0 -1 0 0 87087.dat
1 19 -230 -320 -160 0 0 1 0 1 0 -1 0 0 3004.dat
1 19 -210 -320 -160 0 0 1 0 1 0 -1 0 0 3004.dat
1 71 -190 -320 -160 0 0 1 0 1 0 -1 0 0 3004.dat
1 84 -140 -320 -170 1 0 0 0 1 0 0 0 1 3010.dat
1 84 -60 -320 -170 1 0 0 0 1 0 0 0 1 3010.dat
1 84 20 -320 -170 1 0 0 0 1 0 0 0 1 3010.dat
1 84 100 -320 -170 1 0 0 0 1 0 0 0 1 3010.dat
1 84 170 -320 -160 0 0 1 0 1 0 -1 0 0 3004.dat
1 71 190 -320 -160 0 0 1 0 1 0 -1 0 0 3004.dat
1 19 220 -320 -160 1 0 0 0 1 0 0 0 1 3003.dat
1 19 250 -320 -170 0 0 -1 0 1 0 1 0 0 87087.dat
1 19 -250 -320 -140 0 0 1 0 1 0 -1 0 0 98283.dat
1 71 -150 -320 -140 1 0 0 0 1 0 0 0 1 3002.dat
1 71 -60 -320 -80 0 0 1 0 1 0 -1 0 0 3007.dat
1 71 20 -320 -80 0 0 1 0 1 0 -1 0 0 3007.dat
1 71 100 -320 -120 0 0 1 0 1 0 -1 0 0 3001.dat
1 19 250 -320 -140 0 0 1 0 1 0 -1 0 0 98283.dat
1 19 -230 -320 -130 1 0 0 0 1 0 0 0 1 3005.dat
1 19 -210 -320 -130 1 0 0 0 1 0 0 0 1 3005.dat
1 71 -190 -320 -130 1 0 0 0 1 0 0 0 1 3005.dat
1 84 170 -320 -130 1 0 0 0 1 0 0 0 1 3005.dat
1 19 190 -320 -130 1 0 0 0 1 0 0 0 1 3005.dat
1 19 220 -320 -130 1 0 0 0 1 0 0 0 1 98283.dat
1 84 -190 -320 -110 1 0 0 0 1 0 0 0 1 3005.dat
1 484 -170 -304 -110 1 0 0 0 1 0 0 0 1 3024.dat
1 71 -120 -320 -110 1 0 0 0 1 0 0 0 1 3010.dat
1 71 -20 -320 -110 1 0 0 0 1 0 0 0 1 3004.dat
1 71 60 -320 -110 1 0 0 0 1 0 0 0 1 3004.dat
1 71 140 -320 -110 1 0 0 0 1 0 0 0 1 3004.dat
1 484 170 -304 -110 1 0 0 0 1 0 0 0 1 3024.dat
1 84 190 -320 -110 1 0 0 0 1 0 0 0 1 3005.dat
1 84 -190 -320 -90 1 0 0 0 1 0 0 0 1 3005.dat
1 84 -150 -304 -90 1 0 0 0 1 0 0 0 1 3024.dat
1 71 -130 -320 -90 1 0 0 0 1 0 0 0 1 3005.dat
1 84 150 -304 -90 1 0 0 0 1 0 0 0 1 3024.dat
1 84 190 -320 -90 1 0 0 0 1 0 0 0 1 3005.dat
1 484 -170 -304 -70 1 0 0 0 1 0 0 0 1 3024.dat
1 71 -140 -304 -70 1 0 0 0 1 0 0 0 1 3023.dat
1 71 100 -320 -40 0 0 1 0 1 0 -1 0 0 3001.dat
1 484 170 -304 -70 1 0 0 0 1 0 0 0 1 3024.dat
1 71 -130 -304 -50 1 0 0 0 1 0 0 0 1 3024.dat
1 484 -170 -320 -30 1 0 0 0 1 0 0 0 1 3005.dat
1 71 -150 -304 -30 1 0 0 0 1 0 0 0 1 3024.dat
1 71 -130 -304 -20 0 0 1 0 1 0 -1 0 0 3023.dat
1 484 170 -320 -30 1 0 0 0 1 0 0 0 1 3005.dat
1 484 -170 -304 10 1 0 0 0 1 0 0 0 1 3024.dat
1 71 -140 -304 10 1 0 0 0 1 0 0 0 1 3023.dat
1 71 -100 -320 10 1 0 0 0 1 0 0 0 1 3004.dat
1 71 -60 -320 80 0 0 1 0 1 0 -1 0 0 3007.dat
1 71 -20 -320 10 1 0 0 0 1 0 0 0 1 3004.dat
1 71 20 -320 80 0 0 1 0 1 0 -1 0 0 3007.dat
1 71 60 -320 10 1 0 0 0 1 0 0 0 1 3004.dat
1 71 100 -320 40 0 0 1 0 1 0 -1 0 0 3001.dat
1 71 140 -320 10 1 0 0 0 1 0 0 0 1 3004.dat
1 484 170 -304 10 1 0 0 0 1 0 0 0 1 3024.dat
1 71 -130 -304 30 1 0 0 0 1 0 0 0 1 3024.dat
1 484 -170 -304 50 1 0 0 0 1 0 0 0 1 3024.dat
1 71 -150 -304 50 1 0 0 0 1 0 0 0 1 3024.dat
1 71 -130 -320 60 0 0 1 0 1 0 -1 0 0 3004.dat
1 484 170 -304 50 1 0 0 0 1 0 0 0 1 3024.dat
1 84 -150 -304 70 1 0 0 0 1 0 0 0 1 3024.dat
1 84 150 -304 70 1 0 0 0 1 0 0 0 1 3024.dat
1 84 -190 -320 90 1 0 0 0 1 0 0 0 1 3005.dat
1 484 -170 -304 100 0 0 1 0 1 0 -1 0 0 3023.dat
1 71 -140 -320 120 0 0 1 0 1 0 -1 0 0 3001.dat
1 71 100 -320 120 0 0 1 0 1 0 -1 0 0 3001.dat
1 484 170 -304 100 0 0 1 0 1 0 -1 0 0 3023.dat
1 84 190 -320 90 1 0 0 0 1 0 0 0 1 3005.dat
1 84 -190 -320 110 1 0 0 0 1 0 0 0 1 3005.dat
1 84 190 -320 110 1 0 0 0 1 0 0 0 1 3005.dat
1 19 -250 -320 130 1 0 0 0 1 0 0 0 1 3005.dat
1 19 -230 -320 130 1 0 0 0 1 0 0 0 1 3005.dat
1 19 -210 -320 130 1 0 0 0 1 0 0 0 1 3005.dat
1 71 -190 -320 140 0 0 1 0 1 0 -1 0 0 3004.dat
1 71 -170 -320 140 0 0 1 0 1 0 -1 0 0 3004.dat
1 71 -100 -320 130 1 0 0 0 1 0 0 0 1 3004.dat
1 71 -20 -320 130 1 0 0 0 1 0 0 0 1 3004.dat
1 71 60 -320 130 1 0 0 0 1 0 0 0 1 3004.dat
1 71 140 -320 130 1 0 0 0 1 0 0 0 1 3004.dat
1 84 170 -320 140 0 0 1 0 1 0 -1 0 0 3004.dat
1 19 190 -320 140 0 0 1 0 1 0 -1 0 0 3004.dat
1 19 220 -320 130 1 0 0 0 1 0 0 0 1 98283.dat
1 19 250 -320 130 1 0 0 0 1 0 0 0 1 3005.dat
1 19 -250 -320 150 0 0 1 0 1 0 -1 0 0 87087.dat
1 19 -230 -320 160 0 0 1 0 1 0 -1 0 0 3004.dat
1 19 -210 -320 160 0 0 1 0 1 0 -1 0 0 3004.dat
1 19 220 -320 160 1 0 0 0 1 0 0 0 1 3003.dat
1 19 250 -320 150 0 0 -1 0 1 0 1 0 0 87087.dat
1 19 -250 -320 180 0 0 1 0 1 0 -1 0 0 98283.dat
1 71 -190 -320 170 1 0 0 0 1 0 0 0 1 3005.dat
1 84 -140 -320 170 1 0 0 0 1 0 0 0 1 3010.dat
1 84 -60 -320 170 1 0 0 0 1 0 0 0 1 3010.dat
1 84 20 -320 170 1 0 0 0 1 0 0 0 1 3010.dat
1 84 100 -320 170 1 0 0 0 1 0 0 0 1 3010.dat
1 84 150 -320 180 0 0 1 0 1 0 -1 0 0 98283.dat
1 84 170 -320 170 1 0 0 0 1 0 0 0 1 3005.dat
1 71 190 -320 170 1 0 0 0 1 0 0 0 1 3005.dat
1 19 250 -320 180 0 0 1 0 1 0 -1 0 0 98283.dat
1 19 -230 -320 190 1 0 0 0 1 0 0 0 1 3005.dat
1 19 -210 -320 190 1 0 0 0 1 0 0 0 1 3005.dat
1 19 -190 -320 190 1 0 0 0 1 0 0 0 1 3005.dat
1 84 -160 -320 190 1 0 0 0 1 0 0 0 1 98283.dat
1 84 -120 -320 190 1 0 0 0 1 0 0 0 1 98283.dat
1 84 -80 -320 190 1 0 0 0 1 0 0 0 1 98283.dat
1 84 -40 -320 190 1 0 0 0 1 0 0 0 1 98283.dat
1 84 0 -320 190 1 0 0 0 1 0 0 0 1 98283.dat
1 84 40 -320 190 1 0 0 0 1 0 0 0 1 98283.dat
1 84 80 -320 190 1 0 0 0 1 0 0 0 1 98283.dat
1 84 120 -320 190 1 0 0 0 1 0 0 0 1 98283.dat
1 84 170 -320 190 1 0 0 0 1 0 0 0 1 3005.dat
1 19 190 -320 190 1 0 0 0 1 0 0 0 1 3005.dat
1 19 220 -320 190 1 0 0 0 1 0 0 0 1 98283.dat
1 28 -268 -310 -170 0 1 0 0 0 -1 -1 0 0 98138.dat
1 28 268 -310 -170 0 -1 0 0 0 -1 1 0 0 98138.dat
1 28 -268 -310 150 0 1 0 0 0 -1 -1 0 0 98138.dat
1 28 268 -310 150 0 -1 0 0 0 -1 1 0 0 98138.dat
0 STEP
0 // Layer bottom 38 plates / 121.6 mm
1 484 -170 -312 -100 0 0 1 0 1 0 -1 0 0 3023.dat
1 484 170 -312 -100 0 0 1 0 1 0 -1 0 0 3023.dat
1 71 -150 -312 -80 0 0 1 0 1 0 -1 0 0 3023.dat
1 484 -170 -312 -70 1 0 0 0 1 0 0 0 1 3024.dat
1 71 -130 -312 -60 0 0 1 0 1 0 -1 0 0 3023.dat
1 484 170 -312 -70 1 0 0 0 1 0 0 0 1 3024.dat
1 84 -150 -312 -50 1 0 0 0 1 0 0 0 1 3024.dat
1 84 150 -312 -50 1 0 0 0 1 0 0 0 1 3024.dat
1 71 -150 -312 -30 1 0 0 0 1 0 0 0 1 3024.dat
1 71 -130 -312 -20 0 0 1 0 1 0 -1 0 0 3023.dat
1 484 -170 -312 10 1 0 0 0 1 0 0 0 1 3024.dat
1 71 -150 -312 10 1 0 0 0 1 0 0 0 1 3024.dat
1 71 -130 -312 20 0 0 1 0 1 0 -1 0 0 3023.dat
1 484 170 -312 10 1 0 0 0 1 0 0 0 1 3024.dat
1 84 -150 -312 30 1 0 0 0 1 0 0 0 1 3024.dat
1 84 150 -312 30 1 0 0 0 1 0 0 0 1 3024.dat
1 484 -170 -312 60 0 0 1 0 1 0 -1 0 0 3023.dat
1 71 -150 -312 60 0 0 1 0 1 0 -1 0 0 3023.dat
1 484 170 -312 60 0 0 1 0 1 0 -1 0 0 3023.dat
1 71 -170 -312 100 0 0 1 0 1 0 -1 0 0 3023.dat
1 484 170 -312 100 0 0 1 0 1 0 -1 0 0 3023.dat
0 STEP
0 // Layer bottom 39 plates / 124.8 mm
1 19 -300 -336 -300 1 0 0 0 1 0 0 0 1 3941.dat
1 19 300 -336 -300 1 0 0 0 1 0 0 0 1 3941.dat
1 71 -170 -320 -110 1 0 0 0 1 0 0 0 1 3024.dat
1 484 170 -320 -100 0 0 1 0 1 0 -1 0 0 3023.dat
1 71 -160 -320 -90 1 0 0 0 1 0 0 0 1 3023.dat
1 484 -170 -320 -60 0 0 1 0 1 0 -1 0 0 3023.dat
1 71 -140 -320 -50 0 0 1 0 1 0 -1 0 0 3021.dat
1 484 170 -320 -60 0 0 1 0 1 0 -1 0 0 3023.dat
1 84 -150 -320 -10 1 0 0 0 1 0 0 0 1 3024.dat
1 71 -130 -320 -10 1 0 0 0 1 0 0 0 1 3024.dat
1 84 150 -320 -10 1 0 0 0 1 0 0 0 1 3024.dat
1 484 -170 -320 20 0 0 1 0 1 0 -1 0 0 3023.dat
1 71 -140 -320 20 1 0 0 0 1 0 0 0 1 3022.dat
1 484 170 -320 20 0 0 1 0 1 0 -1 0 0 3023.dat
1 484 -170 -320 60 0 0 1 0 1 0 -1 0 0 3023.dat
1 71 -150 -320 60 0 0 1 0 1 0 -1 0 0 3023.dat
1 484 170 -320 60 0 0 1 0 1 0 -1 0 0 3023.dat
1 71 -170 -320 100 0 0 1 0 1 0 -1 0 0 3023.dat
1 484 170 -320 100 0 0 1 0 1 0 -1 0 0 3023.dat
1 19 -300 -336 300 1 0 0 0 1 0 0 0 1 3941.dat
1 70 300 -336 300 1 0 0 0 1 0 0 0 1 3941.dat
0 STEP
0 // Layer bottom 40 plates / 128 mm
1 71 -240 -328 -160 0 0 1 0 1 0 -1 0 0 3020.dat
1 71 -210 -328 -180 0 0 1 0 1 0 -1 0 0 3023.dat
1 19 -160 -328 -120 0 0 1 0 1 0 -1 0 0 3035.dat
1 19 -80 -328 -120 0 0 1 0 1 0 -1 0 0 3035.dat
1 19 0 -328 -120 0 0 1 0 1 0 -1 0 0 3035.dat
1 19 80 -328 -120 0 0 1 0 1 0 -1 0 0 3035.dat
1 19 160 -328 -120 0 0 1 0 1 0 -1 0 0 3035.dat
1 71 220 -328 -160 0 0 1 0 1 0 -1 0 0 3020.dat
1 71 250 -328 -180 0 0 1 0 1 0 -1 0 0 3023.dat
1 71 -210 -328 -140 0 0 1 0 1 0 -1 0 0 3023.dat
1 71 250 -328 -140 0 0 1 0 1 0 -1 0 0 3023.dat
1 19 -160 -328 40 0 0 1 0 1 0 -1 0 0 3035.dat
1 19 -80 -328 40 0 0 1 0 1 0 -1 0 0 3035.dat
1 19 0 -328 40 0 0 1 0 1 0 -1 0 0 3035.dat
1 19 80 -328 40 0 0 1 0 1 0 -1 0 0 3035.dat
1 19 160 -328 40 0 0 1 0 1 0 -1 0 0 3035.dat
1 71 -240 -328 160 0 0 1 0 1 0 -1 0 0 3020.dat
1 71 -210 -328 140 0 0 1 0 1 0 -1 0 0 3023.dat
1 19 -120 -328 160 1 0 0 0 1 0 0 0 1 3035.dat
1 19 40 -328 160 1 0 0 0 1 0 0 0 1 3035.dat
1 19 160 -328 160 1 0 0 0 1 0 0 0 1 3031.dat
1 71 220 -328 160 0 0 1 0 1 0 -1 0 0 3020.dat
1 71 250 -328 140 0 0 1 0 1 0 -1 0 0 3023.dat
1 71 -210 -328 180 0 0 1 0 1 0 -1 0 0 3023.dat
1 71 250 -328 180 0 0 1 0 1 0 -1 0 0 3023.dat
0 STEP
0 // Layer bottom 41 plates / 131.2 mm
1 71 -240 -336 -160 0 0 1 0 1 0 -1 0 0 3020.dat
1 71 -210 -336 -180 0 0 1 0 1 0 -1 0 0 3023.dat
1 72 -50 -352 -180 0 0 1 0 1 0 -1 0 0 3004.dat
1 0 -30 -352 -190 1 0 0 0 1 0 0 0 1 3005.dat
1 72 0 -352 -180 1 0 0 0 1 0 0 0 1 3003.dat
1 0 30 -352 -190 1 0 0 0 1 0 0 0 1 3005.dat
1 72 50 -352 -180 0 0 1 0 1 0 -1 0 0 3004.dat
1 71 220 -336 -160 0 0 1 0 1 0 -1 0 0 3020.dat
1 71 250 -336 -180 0 0 1 0 1 0 -1 0 0 3023.dat
1 72 -80 -352 -160 1 0 0 0 1 0 0 0 1 3003.dat
1 71 -30 -352 -170 1 0 0 0 1 0 0 0 1 3005.dat
1 71 30 -352 -170 1 0 0 0 1 0 0 0 1 3005.dat
1 0 70 -352 -170 1 0 0 0 1 0 0 0 1 3005.dat
1 72 90 -352 -160 0 0 1 0 1 0 -1 0 0 3004.dat
1 71 -210 -336 -140 0 0 1 0 1 0 -1 0 0 3023.dat
1 0 -130 -352 -150 1 0 0 0 1 0 0 0 1 3005.dat
1 72 -110 -352 -140 0 0 1 0 1 0 -1 0 0 3004.dat
1 71 -50 -352 -150 1 0 0 0 1 0 0 0 1 3005.dat
1 71 20 -352 -80 0 0 1 0 1 0 -1 0 0 3007.dat
1 71 70 -352 -150 1 0 0 0 1 0 0 0 1 3005.dat
1 0 110 -352 -150 1 0 0 0 1 0 0 0 1 3005.dat
1 72 130 -352 -140 0 0 1 0 1 0 -1 0 0 3004.dat
1 71 250 -336 -140 0 0 1 0 1 0 -1 0 0 3023.dat
1 0 -150 -352 -130 1 0 0 0 1 0 0 0 1 3005.dat
1 71 -130 -352 -130 1 0 0 0 1 0 0 0 1 3005.dat
1 71 -60 -352 -60 0 0 1 0 1 0 -1 0 0 3007.dat
1 71 100 -352 -60 0 0 1 0 1 0 -1 0 0 3007.dat
1 0 150 -352 -130 1 0 0 0 1 0 0 0 1 3005.dat
1 72 -150 -352 -100 0 0 1 0 1 0 -1 0 0 3004.dat
1 71 -120 -352 -110 1 0 0 0 1 0 0 0 1 3004.dat
1 71 -90 -352 -110 1 0 0 0 1 0 0 0 1 3005.dat
1 71 -20 -352 -110 1 0 0 0 1 0 0 0 1 3004.dat
1 71 60 -352 -110 1 0 0 0 1 0 0 0 1 3004.dat
1 71 130 -352 -110 1 0 0 0 1 0 0 0 1 3005.dat
1 72 150 -352 -100 0 0 1 0 1 0 -1 0 0 3004.dat
1 72 -170 -352 -60 0 0 1 0 1 0 -1 0 0 3010.dat
1 71 -130 -352 -90 1 0 0 0 1 0 0 0 1 3005.dat
1 0 170 -352 -90 1 0 0 0 1 0 0 0 1 3005.dat
1 71 -140 -352 0 0 0 1 0 1 0 -1 0 0 3007.dat
1 71 150 -352 -70 1 0 0 0 1 0 0 0 1 3005.dat
1 72 170 -352 -40 0 0 1 0 1 0 -1 0 0 3010.dat
1 72 -190 -352 -50 1 0 0 0 1 0 0 0 1 3005.dat
1 0 190 -352 -50 1 0 0 0 1 0 0 0 1 3005.dat
1 0 -190 -352 -30 1 0 0 0 1 0 0 0 1 3005.dat
1 72 190 -352 -20 0 0 1 0 1 0 -1 0 0 3004.dat
1 72 -190 -352 0 0 0 1 0 1 0 -1 0 0 3004.dat
1 71 -170 -352 20 0 0 1 0 1 0 -1 0 0 3010.dat
1 71 -100 -352 10 1 0 0 0 1 0 0 0 1 3004.dat
1 71 -20 -352 10 1 0 0 0 1 0 0 0 1 3004.dat
1 71 20 -352 80 0 0 1 0 1 0 -1 0 0 3007.dat
1 71 60 -352 10 1 0 0 0 1 0 0 0 1 3004.dat
1 71 140 -352 10 1 0 0 0 1 0 0 0 1 3004.dat
1 72 170 -352 40 0 0 1 0 1 0 -1 0 0 3010.dat
1 0 190 -352 10 1 0 0 0 1 0 0 0 1 3005.dat
1 0 -190 -352 30 1 0 0 0 1 0 0 0 1 3005.dat
1 71 -60 -352 80 0 0 1 0 1 0 -1 0 0 2456.dat
1 71 100 -352 80 0 0 1 0 1 0 -1 0 0 2456.dat
1 72 190 -352 40 0 0 1 0 1 0 -1 0 0 3004.dat
1 72 -190 -352 50 1 0 0 0 1 0 0 0 1 3005.dat
1 0 -170 -352 70 1 0 0 0 1 0 0 0 1 3005.dat
1 71 150 -352 80 0 0 1 0 1 0 -1 0 0 3004.dat
1 72 -170 -352 90 1 0 0 0 1 0 0 0 1 3005.dat
1 71 -140 -352 90 1 0 0 0 1 0 0 0 1 3004.dat
1 0 170 -352 90 1 0 0 0 1 0 0 0 1 3005.dat
1 0 -150 -352 110 1 0 0 0 1 0 0 0 1 3005.dat
1 71 -130 -352 120 0 0 1 0 1 0 -1 0 0 3004.dat
1 71 130 -352 120 0 0 1 0 1 0 -1 0 0 3004.dat
1 0 150 -352 110 1 0 0 0 1 0 0 0 1 3005.dat
1 71 -240 -336 160 0 0 1 0 1 0 -1 0 0 3020.dat
1 71 -210 -336 140 0 0 1 0 1 0 -1 0 0 3023.dat
1 72 -150 -352 130 1 0 0 0 1 0 0 0 1 3005.dat
1 72 -110 -352 140 0 0 1 0 1 0 -1 0 0 3004.dat
1 71 -90 -352 140 0 0 1 0 1 0 -1 0 0 3004.dat
1 71 -20 -352 130 1 0 0 0 1 0 0 0 1 3004.dat
1 71 60 -352 130 1 0 0 0 1 0 0 0 1 3004.dat
1 72 150 -352 130 1 0 0 0 1 0 0 0 1 3005.dat
1 71 220 -336 160 0 0 1 0 1 0 -1 0 0 3020.dat
1 71 250 -336 140 0 0 1 0 1 0 -1 0 0 3023.dat
1 0 -130 -352 150 1 0 0 0 1 0 0 0 1 3005.dat
1 72 -70 -352 160 0 0 1 0 1 0 -1 0 0 3004.dat
1 71 -50 -352 160 0 0 1 0 1 0 -1 0 0 3004.dat
1 72 70 -352 160 0 0 1 0 1 0 -1 0 0 3004.dat
1 71 90 -352 150 1 0 0 0 1 0 0 0 1 3005.dat
1 0 110 -352 150 1 0 0 0 1 0 0 0 1 3005.dat
1 72 130 -352 150 1 0 0 0 1 0 0 0 1 3005.dat
1 71 -210 -336 180 0 0 1 0 1 0 -1 0 0 3023.dat
1 0 -90 -352 170 1 0 0 0 1 0 0 0 1 3005.dat
1 72 -20 -352 180 1 0 0 0 1 0 0 0 1 3003.dat
1 71 10 -352 170 1 0 0 0 1 0 0 0 1 3005.dat
1 72 40 -352 180 1 0 0 0 1 0 0 0 1 3003.dat
1 0 90 -352 170 1 0 0 0 1 0 0 0 1 3005.dat
1 71 250 -336 180 0 0 1 0 1 0 -1 0 0 3023.dat
1 0 -50 -352 190 1 0 0 0 1 0 0 0 1 3005.dat
1 0 10 -352 190 1 0 0 0 1 0 0 0 1 3005.dat
0 STEP
0 // Layer bottom 42 plates / 134.4 mm
1 19 -300 -360 -300 1 0 0 0 1 0 0 0 1 3941.dat
1 19 300 -360 -300 1 0 0 0 1 0 0 0 1 3941.dat
1 19 -250 -344 -170 1 0 0 0 1 0 0 0 1 3024.dat
1 19 -230 -344 -170 1 0 0 0 1 0 0 0 1 3024.dat
1 19 -210 -344 -170 1 0 0 0 1 0 0 0 1 3024.dat
1 19 210 -344 -170 1 0 0 0 1 0 0 0 1 3024.dat
1 19 230 -344 -170 1 0 0 0 1 0 0 0 1 3024.dat
1 19 250 -344 -170 1 0 0 0 1 0 0 0 1 3024.dat
1 19 -250 -344 -150 1 0 0 0 1 0 0 0 1 3024.dat
1 19 -230 -344 -150 1 0 0 0 1 0 0 0 1 3024.dat
1 19 -210 -344 -150 1 0 0 0 1 0 0 0 1 3024.dat
1 19 210 -344 -150 1 0 0 0 1 0 0 0 1 3024.dat
1 19 230 -344 -150 1 0 0 0 1 0 0 0 1 3024.dat
1 19 250 -344 -150 1 0 0 0 1 0 0 0 1 3024.dat
1 19 -250 -344 150 1 0 0 0 1 0 0 0 1 3024.dat
1 19 -230 -344 150 1 0 0 0 1 0 0 0 1 3024.dat
1 19 -210 -344 150 1 0 0 0 1 0 0 0 1 3024.dat
1 19 210 -344 150 1 0 0 0 1 0 0 0 1 3024.dat
1 19 230 -344 150 1 0 0 0 1 0 0 0 1 3024.dat
1 19 250 -344 150 1 0 0 0 1 0 0 0 1 3024.dat
1 19 -250 -344 170 1 0 0 0 1 0 0 0 1 3024.dat
1 19 -230 -344 170 1 0 0 0 1 0 0 0 1 3024.dat
1 19 -210 -344 170 1 0 0 0 1 0 0 0 1 3024.dat
1 19 210 -344 170 1 0 0 0 1 0 0 0 1 3024.dat
1 19 230 -344 170 1 0 0 0 1 0 0 0 1 3024.dat
1 19 250 -344 170 1 0 0 0 1 0 0 0 1 3024.dat
1 19 -300 -360 300 1 0 0 0 1 0 0 0 1 3941.dat
1 70 300 -360 300 1 0 0 0 1 0 0 0 1 3941.dat
1 19 -250 -336 -180 1 0 0 0 1 0 0 0 1 11477.dat
1 19 -230 -336 -180 1 0 0 0 1 0 0 0 1 11477.dat
1 19 -210 -336 -180 1 0 0 0 1 0 0 0 1 11477.dat
1 19 210 -336 -180 1 0 0 0 1 0 0 0 1 11477.dat
1 19 230 -336 -180 1 0 0 0 1 0 0 0 1 11477.dat
1 19 250 -336 -180 1 0 0 0 1 0 0 0 1 11477.dat
1 19 -250 -336 -140 -1 0 0 0 1 0 0 0 -1 11477.dat
1 19 -230 -336 -140 -1 0 0 0 1 0 0 0 -1 11477.dat
1 19 -210 -336 -140 -1 0 0 0 1 0 0 0 -1 11477.dat
1 19 210 -336 -140 -1 0 0 0 1 0 0 0 -1 11477.dat
1 19 230 -336 -140 -1 0 0 0 1 0 0 0 -1 11477.dat
1 19 250 -336 -140 -1 0 0 0 1 0 0 0 -1 11477.dat
1 19 -250 -336 140 1 0 0 0 1 0 0 0 1 11477.dat
1 19 -230 -336 140 1 0 0 0 1 0 0 0 1 11477.dat
1 19 -210 -336 140 1 0 0 0 1 0 0 0 1 11477.dat
1 19 210 -336 140 1 0 0 0 1 0 0 0 1 11477.dat
1 19 230 -336 140 1 0 0 0 1 0 0 0 1 11477.dat
1 19 250 -336 140 1 0 0 0 1 0 0 0 1 11477.dat
1 19 -250 -336 180 -1 0 0 0 1 0 0 0 -1 11477.dat
1 19 -230 -336 180 -1 0 0 0 1 0 0 0 -1 11477.dat
1 19 -210 -336 180 -1 0 0 0 1 0 0 0 -1 11477.dat
1 19 210 -336 180 -1 0 0 0 1 0 0 0 -1 11477.dat
1 19 230 -336 180 -1 0 0 0 1 0 0 0 -1 11477.dat
1 19 250 -336 180 -1 0 0 0 1 0 0 0 -1 11477.dat
0 STEP
0 // Layer bottom 44 plates / 140.8 mm
1 72 -50 -376 -190 1 0 0 0 1 0 0 0 1 3005.dat
1 0 -30 -376 -190 1 0 0 0 1 0 0 0 1 3005.dat
1 72 0 -376 -190 1 0 0 0 1 0 0 0 1 3004.dat
1 0 30 -376 -190 1 0 0 0 1 0 0 0 1 3005.dat
1 72 50 -376 -190 1 0 0 0 1 0 0 0 1 3005.dat
1 72 -60 -376 -170 1 0 0 0 1 0 0 0 1 3010.dat
1 72 20 -376 -170 1 0 0 0 1 0 0 0 1 3010.dat
1 0 70 -376 -170 1 0 0 0 1 0 0 0 1 3005.dat
1 72 90 -376 -170 1 0 0 0 1 0 0 0 1 3005.dat
1 0 -130 -376 -150 1 0 0 0 1 0 0 0 1 3005.dat
1 72 -100 -376 -150 1 0 0 0 1 0 0 0 1 3004.dat
1 71 -60 -376 -80 0 0 1 0 1 0 -1 0 0 3007.dat
1 71 20 -376 -80 0 0 1 0 1 0 -1 0 0 3007.dat
1 71 70 -376 -150 1 0 0 0 1 0 0 0 1 3005.dat
1 71 90 -376 -140 0 0 1 0 1 0 -1 0 0 3004.dat
1 0 110 -376 -150 1 0 0 0 1 0 0 0 1 3005.dat
1 72 130 -376 -150 1 0 0 0 1 0 0 0 1 3005.dat
1 0 -150 -376 -130 1 0 0 0 1 0 0 0 1 3005.dat
1 72 -120 -376 -130 1 0 0 0 1 0 0 0 1 3004.dat
1 72 120 -376 -130 1 0 0 0 1 0 0 0 1 3004.dat
1 0 150 -376 -130 1 0 0 0 1 0 0 0 1 3005.dat
1 72 -140 -376 -110 1 0 0 0 1 0 0 0 1 3004.dat
1 71 -100 -376 -110 1 0 0 0 1 0 0 0 1 3004.dat
1 71 -20 -376 -110 1 0 0 0 1 0 0 0 1 3004.dat
1 71 60 -376 -110 1 0 0 0 1 0 0 0 1 3004.dat
1 71 100 -376 -40 0 0 1 0 1 0 -1 0 0 3007.dat
1 72 140 -376 -110 1 0 0 0 1 0 0 0 1 3004.dat
1 72 -170 -376 -60 0 0 1 0 1 0 -1 0 0 3010.dat
1 71 -140 -376 -20 0 0 1 0 1 0 -1 0 0 3007.dat
1 71 150 -376 -80 0 0 1 0 1 0 -1 0 0 3004.dat
1 0 170 -376 -90 1 0 0 0 1 0 0 0 1 3005.dat
1 72 170 -376 -40 0 0 1 0 1 0 -1 0 0 3010.dat
1 72 -190 -376 -50 1 0 0 0 1 0 0 0 1 3005.dat
1 0 190 -376 -50 1 0 0 0 1 0 0 0 1 3005.dat
1 0 -190 -376 -30 1 0 0 0 1 0 0 0 1 3005.dat
1 72 190 -376 -20 0 0 1 0 1 0 -1 0 0 3004.dat
1 72 -190 -376 0 0 0 1 0 1 0 -1 0 0 3004.dat
1 72 -170 -376 20 0 0 1 0 1 0 -1 0 0 3010.dat
1 71 -100 -376 10 1 0 0 0 1 0 0 0 1 3004.dat
1 71 -60 -376 80 0 0 1 0 1 0 -1 0 0 3007.dat
1 71 -20 -376 10 1 0 0 0 1 0 0 0 1 3004.dat
1 71 20 -376 80 0 0 1 0 1 0 -1 0 0 3007.dat
1 71 60 -376 10 1 0 0 0 1 0 0 0 1 3004.dat
1 71 140 -376 10 1 0 0 0 1 0 0 0 1 3004.dat
1 72 170 -376 40 0 0 1 0 1 0 -1 0 0 3010.dat
1 0 190 -376 10 1 0 0 0 1 0 0 0 1 3005.dat
1 0 -190 -376 30 1 0 0 0 1 0 0 0 1 3005.dat
1 72 190 -376 40 0 0 1 0 1 0 -1 0 0 3004.dat
1 72 -190 -376 50 1 0 0 0 1 0 0 0 1 3005.dat
1 71 100 -376 80 0 0 1 0 1 0 -1 0 0 3001.dat
1 0 -170 -376 70 1 0 0 0 1 0 0 0 1 3005.dat
1 71 -150 -376 70 1 0 0 0 1 0 0 0 1 3005.dat
1 71 -130 -376 80 0 0 1 0 1 0 -1 0 0 3004.dat
1 71 150 -376 80 0 0 1 0 1 0 -1 0 0 3004.dat
1 72 -160 -376 90 1 0 0 0 1 0 0 0 1 3004.dat
1 0 170 -376 90 1 0 0 0 1 0 0 0 1 3005.dat
1 0 -150 -376 110 1 0 0 0 1 0 0 0 1 3005.dat
1 71 -130 -376 110 1 0 0 0 1 0 0 0 1 3005.dat
1 71 130 -376 110 1 0 0 0 1 0 0 0 1 3005.dat
1 0 150 -376 110 1 0 0 0 1 0 0 0 1 3005.dat
1 72 -140 -376 130 1 0 0 0 1 0 0 0 1 3004.dat
1 71 -100 -376 130 1 0 0 0 1 0 0 0 1 3004.dat
1 71 -20 -376 130 1 0 0 0 1 0 0 0 1 3004.dat
1 71 50 -376 130 1 0 0 0 1 0 0 0 1 3005.dat
1 71 80 -376 140 1 0 0 0 1 0 0 0 1 3003.dat
1 72 120 -376 130 1 0 0 0 1 0 0 0 1 3004.dat
1 72 150 -376 130 1 0 0 0 1 0 0 0 1 3005.dat
1 0 -130 -376 150 1 0 0 0 1 0 0 0 1 3005.dat
1 72 -100 -376 150 1 0 0 0 1 0 0 0 1 3004.dat
1 0 110 -376 150 1 0 0 0 1 0 0 0 1 3005.dat
1 72 130 -376 150 1 0 0 0 1 0 0 0 1 3005.dat
1 0 -90 -376 170 1 0 0 0 1 0 0 0 1 3005.dat
1 72 -40 -376 170 1 0 0 0 1 0 0 0 1 3010.dat
1 72 40 -376 170 1 0 0 0 1 0 0 0 1 3010.dat
1 0 90 -376 170 1 0 0 0 1 0 0 0 1 3005.dat
1 0 -50 -376 190 1 0 0 0 1 0 0 0 1 3005.dat
1 72 -20 -376 190 1 0 0 0 1 0 0 0 1 3004.dat
1 0 10 -376 190 1 0 0 0 1 0 0 0 1 3005.dat
1 72 40 -376 190 1 0 0 0 1 0 0 0 1 3004.dat
0 STEP
0 // Layer bottom 45 plates / 144 mm
1 19 -300 -384 -300 1 0 0 0 1 0 0 0 1 3941.dat
1 19 300 -384 -300 1 0 0 0 1 0 0 0 1 3941.dat
1 19 -300 -384 300 1 0 0 0 1 0 0 0 1 3941.dat
1 70 300 -384 300 1 0 0 0 1 0 0 0 1 3941.dat
0 STEP
0 // Layer bottom 47 plates / 150.4 mm
1 71 -50 -400 -170 1 0 0 0 1 0 0 0 1 3040b.dat
1 71 0 -384 -180 1 0 0 0 1 0 0 0 1 3020.dat
1 71 50 -400 -170 1 0 0 0 1 0 0 0 1 3040b.dat
1 71 -80 -384 -170 1 0 0 0 1 0 0 0 1 3023.dat
1 71 80 -384 -170 1 0 0 0 1 0 0 0 1 3023.dat
1 71 -110 -400 -150 0 0 1 0 1 0 -1 0 0 3040b.dat
1 71 -20 -384 -140 1 0 0 0 1 0 0 0 1 3034.dat
1 71 90 -384 -140 1 0 0 0 1 0 0 0 1 3021.dat
1 71 130 -400 -130 1 0 0 0 1 0 0 0 1 3040b.dat
1 71 -130 -400 -130 0 0 1 0 1 0 -1 0 0 3040b.dat
1 71 -110 -384 -130 1 0 0 0 1 0 0 0 1 3024.dat
1 71 150 -376 -130 0 0 -1 0 1 0 1 0 0 54200.dat
1 71 -80 -384 -80 1 0 0 0 1 0 0 0 1 3035.dat
1 71 80 -384 -80 1 0 0 0 1 0 0 0 1 3035.dat
1 71 -170 -384 -80 0 0 1 0 1 0 -1 0 0 3023.dat
1 71 170 -376 -90 0 0 -1 0 1 0 1 0 0 54200.dat
1 71 170 -384 -60 0 0 1 0 1 0 -1 0 0 3023.dat
1 71 -170 -400 -50 0 0 1 0 1 0 -1 0 0 3040b.dat
1 71 190 -376 -50 0 0 -1 0 1 0 1 0 0 54200.dat
1 71 -120 -384 0 1 0 0 0 1 0 0 0 1 3035.dat
1 71 40 -384 0 1 0 0 0 1 0 0 0 1 3035.dat
1 71 160 -384 -20 1 0 0 0 1 0 0 0 1 3020.dat
1 71 150 -384 20 1 0 0 0 1 0 0 0 1 3021.dat
1 71 190 -376 10 0 0 -1 0 1 0 1 0 0 54200.dat
1 71 190 -384 30 1 0 0 0 1 0 0 0 1 3024.dat
1 71 -170 -400 50 0 0 1 0 1 0 -1 0 0 3040b.dat
1 71 -80 -384 80 1 0 0 0 1 0 0 0 1 3035.dat
1 71 80 -384 80 1 0 0 0 1 0 0 0 1 3035.dat
1 71 170 -384 60 0 0 1 0 1 0 -1 0 0 3023.dat
1 71 190 -376 50 0 0 -1 0 1 0 1 0 0 54200.dat
1 71 -170 -384 80 0 0 1 0 1 0 -1 0 0 3023.dat
1 71 170 -384 90 1 0 0 0 1 0 0 0 1 3024.dat
1 71 -130 -400 130 0 0 1 0 1 0 -1 0 0 3040b.dat
1 71 -110 -384 130 1 0 0 0 1 0 0 0 1 3024.dat
1 71 -20 -384 140 1 0 0 0 1 0 0 0 1 3034.dat
1 71 80 -384 140 1 0 0 0 1 0 0 0 1 3022.dat
1 71 110 -384 130 1 0 0 0 1 0 0 0 1 3024.dat
1 71 130 -400 130 0 0 -1 0 1 0 1 0 0 3040b.dat
1 71 -110 -400 150 0 0 1 0 1 0 -1 0 0 3040b.dat
1 71 110 -400 150 0 0 -1 0 1 0 1 0 0 3040b.dat
1 71 -70 -400 170 0 0 1 0 1 0 -1 0 0 3040b.dat
1 71 -40 -384 170 1 0 0 0 1 0 0 0 1 3023.dat
1 71 0 -384 170 1 0 0 0 1 0 0 0 1 3023.dat
1 71 40 -384 170 1 0 0 0 1 0 0 0 1 3023.dat
1 71 70 -384 170 1 0 0 0 1 0 0 0 1 3024.dat
1 71 90 -376 170 -1 0 0 0 1 0 0 0 -1 54200.dat
1 71 -30 -400 190 0 0 1 0 1 0 -1 0 0 3040b.dat
1 71 10 -400 190 0 0 1 0 1 0 -1 0 0 3040b.dat
1 71 30 -400 190 0 0 -1 0 1 0 1 0 0 3040b.dat
0 STEP
0 // Layer bottom 48 plates / 153.6 mm
1 19 -300 -408 -300 1 0 0 0 1 0 0 0 1 3941.dat
1 19 300 -408 -300 1 0 0 0 1 0 0 0 1 3941.dat
1 71 -30 -408 -170 1 0 0 0 1 0 0 0 1 3040b.dat
1 71 -10 -408 -170 1 0 0 0 1 0 0 0 1 3040b.dat
1 71 10 -408 -170 1 0 0 0 1 0 0 0 1 3040b.dat
1 71 30 -408 -170 1 0 0 0 1 0 0 0 1 3040b.dat
1 71 -90 -408 -150 1 0 0 0 1 0 0 0 1 3040b.dat
1 71 -70 -392 -170 1 0 0 0 1 0 0 0 1 3024.dat
1 71 70 -392 -170 1 0 0 0 1 0 0 0 1 3024.dat
1 71 90 -408 -150 1 0 0 0 1 0 0 0 1 3040b.dat
1 71 -40 -392 -80 0 0 1 0 1 0 -1 0 0 3035.dat
1 71 40 -392 -80 0 0 1 0 1 0 -1 0 0 3035.dat
1 71 110 -392 -140 0 0 1 0 1 0 -1 0 0 3023.dat
1 71 -100 -392 -110 0 0 1 0 1 0 -1 0 0 3021.dat
1 71 90 -392 -130 1 0 0 0 1 0 0 0 1 3024.dat
1 71 -150 -392 -110 1 0 0 0 1 0 0 0 1 3024.dat
1 71 -130 -392 -100 0 0 1 0 1 0 -1 0 0 3023.dat
1 71 120 -392 -40 0 0 1 0 1 0 -1 0 0 3035.dat
1 71 -150 -408 -90 0 0 1 0 1 0 -1 0 0 3040b.dat
1 71 -170 -392 -70 1 0 0 0 1 0 0 0 1 3024.dat
1 71 -120 -392 0 0 0 1 0 1 0 -1 0 0 3035.dat
1 71 170 -392 -60 0 0 1 0 1 0 -1 0 0 3023.dat
1 71 -170 -408 -30 0 0 1 0 1 0 -1 0 0 3040b.dat
1 71 170 -408 -30 0 0 -1 0 1 0 1 0 0 3040b.dat
1 71 -170 -408 -10 0 0 1 0 1 0 -1 0 0 3040b.dat
1 71 170 -408 -10 0 0 -1 0 1 0 1 0 0 3040b.dat
1 71 -170 -408 10 0 0 1 0 1 0 -1 0 0 3040b.dat
1 71 -40 -392 80 0 0 1 0 1 0 -1 0 0 3035.dat
1 71 40 -392 80 0 0 1 0 1 0 -1 0 0 3035.dat
1 71 170 -392 10 1 0 0 0 1 0 0 0 1 3024.dat
1 71 -170 -408 30 0 0 1 0 1 0 -1 0 0 3040b.dat
1 71 170 -408 30 0 0 -1 0 1 0 1 0 0 3040b.dat
1 71 100 -392 80 0 0 1 0 1 0 -1 0 0 3020.dat
1 71 150 -392 60 1 0 0 0 1 0 0 0 1 3021.dat
1 71 -170 -392 70 1 0 0 0 1 0 0 0 1 3024.dat
1 71 -150 -408 90 0 0 1 0 1 0 -1 0 0 3040b.dat
1 71 -130 -392 100 0 0 1 0 1 0 -1 0 0 3023.dat
1 71 -100 -392 110 0 0 1 0 1 0 -1 0 0 3021.dat
1 71 130 -392 100 0 0 1 0 1 0 -1 0 0 3023.dat
1 71 150 -408 90 0 0 -1 0 1 0 1 0 0 3040b.dat
1 71 -150 -392 110 1 0 0 0 1 0 0 0 1 3024.dat
1 71 150 -384 110 0 0 -1 0 1 0 1 0 0 54200.dat
1 71 90 -392 140 0 0 1 0 1 0 -1 0 0 3023.dat
1 71 110 -392 130 1 0 0 0 1 0 0 0 1 3024.dat
1 71 -90 -392 150 1 0 0 0 1 0 0 0 1 3024.dat
1 71 -40 -392 170 1 0 0 0 1 0 0 0 1 3023.dat
1 71 0 -392 170 1 0 0 0 1 0 0 0 1 3023.dat
1 71 30 -392 170 1 0 0 0 1 0 0 0 1 3024.dat
1 71 50 -408 170 0 0 -1 0 1 0 1 0 0 3040b.dat
1 19 -300 -392 300 1 0 0 0 1 0 0 0 1 60474.dat
1 70 300 -408 300 1 0 0 0 1 0 0 0 1 3941.dat
0 STEP
0 // Layer bottom 49 plates / 156.8 mm
1 71 -70 -416 -150 1 0 0 0 1 0 0 0 1 3040b.dat
1 71 70 -416 -150 1 0 0 0 1 0 0 0 1 3040b.dat
1 71 -40 -400 -150 1 0 0 0 1 0 0 0 1 3023.dat
1 71 0 -400 -150 1 0 0 0 1 0 0 0 1 3023.dat
1 71 40 -400 -150 1 0 0 0 1 0 0 0 1 3023.dat
1 71 110 -416 -130 1 0 0 0 1 0 0 0 1 3040b.dat
1 71 -40 -400 -100 1 0 0 0 1 0 0 0 1 3035.dat
1 71 60 -400 -130 1 0 0 0 1 0 0 0 1 3023.dat
1 71 90 -400 -130 1 0 0 0 1 0 0 0 1 3024.dat
1 71 -130 -416 -110 0 0 1 0 1 0 -1 0 0 3040b.dat
1 71 80 -400 -100 1 0 0 0 1 0 0 0 1 3020.dat
1 71 130 -416 -110 0 0 -1 0 1 0 1 0 0 3040b.dat
1 71 -130 -400 -80 0 0 1 0 1 0 -1 0 0 3023.dat
1 71 140 -400 -90 1 0 0 0 1 0 0 0 1 3023.dat
1 71 -150 -416 -70 0 0 1 0 1 0 -1 0 0 3040b.dat
1 71 60 -400 -70 1 0 0 0 1 0 0 0 1 3023.dat
1 71 100 -400 -70 1 0 0 0 1 0 0 0 1 3023.dat
1 71 130 -400 -70 1 0 0 0 1 0 0 0 1 3024.dat
1 71 150 -416 -70 0 0 -1 0 1 0 1 0 0 3040b.dat
1 71 -80 -400 -20 1 0 0 0 1 0 0 0 1 3035.dat
1 71 80 -400 -20 1 0 0 0 1 0 0 0 1 3035.dat
1 71 170 -400 -50 1 0 0 0 1 0 0 0 1 3024.dat
1 71 170 -400 10 1 0 0 0 1 0 0 0 1 3024.dat
1 71 -150 -400 40 0 0 1 0 1 0 -1 0 0 3023.dat
1 71 -60 -400 60 1 0 0 0 1 0 0 0 1 3035.dat
1 71 60 -400 60 1 0 0 0 1 0 0 0 1 3031.dat
1 71 120 -400 60 0 0 1 0 1 0 -1 0 0 3020.dat
1 71 150 -400 30 1 0 0 0 1 0 0 0 1 3024.dat
1 71 160 -400 50 1 0 0 0 1 0 0 0 1 3023.dat
1 71 -150 -416 70 0 0 1 0 1 0 -1 0 0 3040b.dat
1 71 150 -400 70 1 0 0 0 1 0 0 0 1 3024.dat
1 71 170 -392 70 0 0 -1 0 1 0 1 0 0 54200.dat
1 71 -130 -416 110 0 0 1 0 1 0 -1 0 0 3040b.dat
1 71 -40 -400 120 1 0 0 0 1 0 0 0 1 3034.dat
1 71 80 -400 120 1 0 0 0 1 0 0 0 1 3020.dat
1 71 130 -400 110 1 0 0 0 1 0 0 0 1 3024.dat
1 71 -80 -400 150 1 0 0 0 1 0 0 0 1 3023.dat
1 71 -20 -400 160 1 0 0 0 1 0 0 0 1 3020.dat
1 71 40 -400 150 1 0 0 0 1 0 0 0 1 3023.dat
1 71 80 -400 150 1 0 0 0 1 0 0 0 1 3023.dat
1 71 30 -400 170 1 0 0 0 1 0 0 0 1 3024.dat
1 19 -300 -400 300 1 0 0 0 1 0 0 0 1 60474.dat
0 STEP
0 // Layer bottom 50 plates / 160 mm
1 71 -20 -408 -80 0 0 1 0 1 0 -1 0 0 3035.dat
1 71 40 -408 -150 1 0 0 0 1 0 0 0 1 3023.dat
1 71 -90 -408 -120 1 0 0 0 1 0 0 0 1 3021.dat
1 71 60 -408 -60 0 0 1 0 1 0 -1 0 0 3035.dat
1 71 110 -408 -110 1 0 0 0 1 0 0 0 1 3024.dat
1 71 -100 -408 -20 0 0 1 0 1 0 -1 0 0 3035.dat
1 71 120 -408 -20 0 0 1 0 1 0 -1 0 0 3034.dat
1 71 150 -408 -90 1 0 0 0 1 0 0 0 1 3024.dat
1 71 -150 -408 -40 0 0 1 0 1 0 -1 0 0 3023.dat
1 71 150 -424 -50 0 0 -1 0 1 0 1 0 0 3040b.dat
1 71 150 -408 -20 0 0 1 0 1 0 -1 0 0 3023.dat
1 71 -150 -408 0 0 0 1 0 1 0 -1 0 0 3023.dat
1 71 -50 -408 20 0 0 1 0 1 0 -1 0 0 3023.dat
1 71 -20 -408 10 1 0 0 0 1 0 0 0 1 3023.dat
1 71 10 -408 10 1 0 0 0 1 0 0 0 1 3024.dat
1 71 150 -408 20 0 0 1 0 1 0 -1 0 0 3023.dat
1 71 170 -408 10 1 0 0 0 1 0 0 0 1 3024.dat
1 71 -150 -408 40 0 0 1 0 1 0 -1 0 0 3023.dat
1 71 0 -408 100 0 0 1 0 1 0 -1 0 0 3035.dat
1 71 70 -408 40 1 0 0 0 1 0 0 0 1 3021.dat
1 71 -50 -408 50 1 0 0 0 1 0 0 0 1 3024.dat
1 71 150 -424 50 0 0 -1 0 1 0 1 0 0 3040b.dat
1 71 -130 -408 80 0 0 1 0 1 0 -1 0 0 3023.dat
1 71 -80 -408 100 1 0 0 0 1 0 0 0 1 3031.dat
1 71 80 -408 100 1 0 0 0 1 0 0 0 1 3031.dat
1 71 130 -408 80 0 0 1 0 1 0 -1 0 0 3023.dat
1 71 150 -408 70 1 0 0 0 1 0 0 0 1 3024.dat
1 71 130 -408 110 1 0 0 0 1 0 0 0 1 3024.dat
1 71 -80 -408 150 1 0 0 0 1 0 0 0 1 3023.dat
1 71 -50 -424 150 -1 0 0 0 1 0 0 0 -1 3040b.dat
1 71 50 -408 150 1 0 0 0 1 0 0 0 1 3024.dat
1 71 70 -424 150 0 0 -1 0 1 0 1 0 0 3040b.dat
1 19 -300 -424 300 1 0 0 0 1 0 0 0 1 3941.dat
0 STEP
0 // Layer bottom 51 plates / 163.2 mm
1 19 -300 -416 -300 1 0 0 0 1 0 0 0 1 60474.dat
1 19 300 -416 -300 1 0 0 0 1 0 0 0 1 60474.dat
1 71 -40 -416 -150 1 0 0 0 1 0 0 0 1 3023.dat
1 71 0 -416 -150 1 0 0 0 1 0 0 0 1 3023.dat
1 71 40 -416 -150 1 0 0 0 1 0 0 0 1 3023.dat
1 71 -110 -432 -110 1 0 0 0 1 0 0 0 1 3040b.dat
1 71 -20 -416 -100 1 0 0 0 1 0 0 0 1 3035.dat
1 71 80 -416 -100 0 0 1 0 1 0 -1 0 0 3020.dat
1 71 110 -416 -100 0 0 1 0 1 0 -1 0 0 3023.dat
1 71 -120 -416 -80 1 0 0 0 1 0 0 0 1 3022.dat
1 71 130 -432 -90 0 0 -1 0 1 0 1 0 0 3040b.dat
1 71 120 -416 0 0 0 1 0 1 0 -1 0 0 3034.dat
1 71 -80 -416 -20 1 0 0 0 1 0 0 0 1 3035.dat
1 71 10 -416 -40 0 0 1 0 1 0 -1 0 0 3023.dat
1 71 60 -416 20 0 0 1 0 1 0 -1 0 0 3035.dat
1 71 150 -416 -20 0 0 1 0 1 0 -1 0 0 3023.dat
1 71 10 -416 0 0 0 1 0 1 0 -1 0 0 3023.dat
1 71 150 -432 10 0 0 -1 0 1 0 1 0 0 3040b.dat
1 71 -150 -416 40 0 0 1 0 1 0 -1 0 0 3023.dat
1 71 -60 -416 60 1 0 0 0 1 0 0 0 1 3035.dat
1 71 150 -416 30 1 0 0 0 1 0 0 0 1 3024.dat
1 71 150 -416 70 1 0 0 0 1 0 0 0 1 3024.dat
1 71 120 -416 90 1 0 0 0 1 0 0 0 1 3023.dat
1 71 -110 -432 110 -1 0 0 0 1 0 0 0 -1 3040b.dat
1 71 -90 -416 110 1 0 0 0 1 0 0 0 1 3024.dat
1 71 0 -416 120 1 0 0 0 1 0 0 0 1 3034.dat
1 71 90 -416 110 1 0 0 0 1 0 0 0 1 3024.dat
1 71 110 -432 110 0 0 -1 0 1 0 1 0 0 3040b.dat
1 71 -90 -432 130 -1 0 0 0 1 0 0 0 -1 3040b.dat
1 71 90 -432 130 0 0 -1 0 1 0 1 0 0 3040b.dat
1 71 -70 -416 150 1 0 0 0 1 0 0 0 1 3024.dat
1 71 -30 -432 150 -1 0 0 0 1 0 0 0 -1 3040b.dat
1 71 -10 -432 150 -1 0 0 0 1 0 0 0 -1 3040b.dat
1 71 10 -432 150 -1 0 0 0 1 0 0 0 -1 3040b.dat
1 71 30 -432 150 -1 0 0 0 1 0 0 0 -1 3040b.dat
1 71 50 -416 150 1 0 0 0 1 0 0 0 1 3024.dat
1 19 300 -416 300 1 0 0 0 1 0 0 0 1 60474.dat
0 STEP
0 // Layer bottom 52 plates / 166.4 mm
1 19 -300 -424 -300 1 0 0 0 1 0 0 0 1 60474.dat
1 19 300 -424 -300 1 0 0 0 1 0 0 0 1 60474.dat
1 71 -20 -424 -80 0 0 1 0 1 0 -1 0 0 3035.dat
1 71 40 -424 -150 1 0 0 0 1 0 0 0 1 3023.dat
1 71 -80 -424 -120 1 0 0 0 1 0 0 0 1 3022.dat
1 71 60 -424 -60 0 0 1 0 1 0 -1 0 0 3035.dat
1 71 110 -424 -100 0 0 1 0 1 0 -1 0 0 3023.dat
1 71 -100 -424 -20 0 0 1 0 1 0 -1 0 0 3035.dat
1 71 120 -424 -40 0 0 1 0 1 0 -1 0 0 3020.dat
1 71 -150 -424 -40 0 0 1 0 1 0 -1 0 0 3023.dat
1 71 150 -424 -20 0 0 1 0 1 0 -1 0 0 3023.dat
1 71 -150 -424 0 0 0 1 0 1 0 -1 0 0 3023.dat
1 71 -40 -424 10 1 0 0 0 1 0 0 0 1 3023.dat
1 71 0 -424 10 1 0 0 0 1 0 0 0 1 3023.dat
1 71 120 -424 30 0 0 1 0 1 0 -1 0 0 3021.dat
1 71 -150 -424 40 0 0 1 0 1 0 -1 0 0 3023.dat
1 71 20 -424 60 1 0 0 0 1 0 0 0 1 3035.dat
1 71 150 -424 30 1 0 0 0 1 0 0 0 1 3024.dat
1 71 -100 -424 80 1 0 0 0 1 0 0 0 1 3020.dat
1 71 110 -424 80 0 0 1 0 1 0 -1 0 0 3023.dat
1 71 130 -440 70 0 0 -1 0 1 0 1 0 0 3040b.dat
1 71 130 -424 90 1 0 0 0 1 0 0 0 1 3024.dat
1 71 -80 -424 110 1 0 0 0 1 0 0 0 1 3023.dat
1 71 -20 -424 120 1 0 0 0 1 0 0 0 1 3020.dat
1 71 50 -424 120 1 0 0 0 1 0 0 0 1 3021.dat
1 71 90 -424 110 1 0 0 0 1 0 0 0 1 3024.dat
1 71 -70 -440 130 -1 0 0 0 1 0 0 0 -1 3040b.dat
1 71 50 -424 150 1 0 0 0 1 0 0 0 1 3024.dat
1 19 300 -424 300 1 0 0 0 1 0 0 0 1 60474.dat
0 STEP
0 // Layer bottom 53 plates / 169.6 mm
1 19 -300 -448 -300 1 0 0 0 1 0 0 0 1 3941.dat
1 19 300 -448 -300 1 0 0 0 1 0 0 0 1 3941.dat
1 71 -50 -448 -130 1 0 0 0 1 0 0 0 1 3040b.dat
1 71 -30 -448 -130 1 0 0 0 1 0 0 0 1 3040b.dat
1 71 0 -432 -140 1 0 0 0 1 0 0 0 1 3022.dat
1 71 30 -448 -130 1 0 0 0 1 0 0 0 1 3040b.dat
1 71 50 -448 -130 1 0 0 0 1 0 0 0 1 3040b.dat
1 71 -90 -448 -110 1 0 0 0 1 0 0 0 1 3040b.dat
1 71 -70 -432 -130 1 0 0 0 1 0 0 0 1 3024.dat
1 71 70 -432 -130 1 0 0 0 1 0 0 0 1 3024.dat
1 71 90 -448 -110 1 0 0 0 1 0 0 0 1 3040b.dat
1 71 0 -432 -100 1 0 0 0 1 0 0 0 1 3034.dat
1 71 110 -448 -90 1 0 0 0 1 0 0 0 1 3040b.dat
1 71 -110 -448 -90 0 0 1 0 1 0 -1 0 0 3040b.dat
1 71 -90 -432 -90 1 0 0 0 1 0 0 0 1 3024.dat
1 71 90 -432 -90 1 0 0 0 1 0 0 0 1 3024.dat
1 71 -130 -432 -70 1 0 0 0 1 0 0 0 1 3024.dat
1 71 -40 -432 -40 1 0 0 0 1 0 0 0 1 3035.dat
1 71 80 -432 0 0 0 1 0 1 0 -1 0 0 3035.dat
1 71 130 -432 -60 0 0 1 0 1 0 -1 0 0 3023.dat
1 71 -130 -448 -50 0 0 1 0 1 0 -1 0 0 3040b.dat
1 71 -130 -448 -30 0 0 1 0 1 0 -1 0 0 3040b.dat
1 71 130 -448 -30 0 0 -1 0 1 0 1 0 0 3040b.dat
1 71 -140 -432 0 1 0 0 0 1 0 0 0 1 3022.dat
1 71 140 -432 -10 1 0 0 0 1 0 0 0 1 3023.dat
1 71 -40 -432 40 1 0 0 0 1 0 0 0 1 3035.dat
1 71 130 -432 10 1 0 0 0 1 0 0 0 1 3024.dat
1 71 -130 -448 30 0 0 1 0 1 0 -1 0 0 3040b.dat
1 71 130 -448 30 0 0 -1 0 1 0 1 0 0 3040b.dat
1 71 -130 -448 50 0 0 1 0 1 0 -1 0 0 3040b.dat
1 71 130 -432 50 1 0 0 0 1 0 0 0 1 3024.dat
1 71 -130 -432 70 1 0 0 0 1 0 0 0 1 3024.dat
1 71 -110 -448 90 0 0 1 0 1 0 -1 0 0 3040b.dat
1 71 -20 -432 100 1 0 0 0 1 0 0 0 1 3034.dat
1 71 80 -432 100 1 0 0 0 1 0 0 0 1 3022.dat
1 71 110 -448 90 0 0 -1 0 1 0 1 0 0 3040b.dat
1 71 -40 -432 130 1 0 0 0 1 0 0 0 1 3023.dat
1 71 0 -432 130 1 0 0 0 1 0 0 0 1 3023.dat
1 71 30 -432 130 1 0 0 0 1 0 0 0 1 3024.dat
1 71 50 -448 130 -1 0 0 0 1 0 0 0 -1 3040b.dat
1 71 70 -432 130 1 0 0 0 1 0 0 0 1 3024.dat
1 19 -300 -448 300 1 0 0 0 1 0 0 0 1 3941.dat
1 70 300 -448 300 1 0 0 0 1 0 0 0 1 3941.dat
0 STEP
0 // Layer bottom 54 plates / 172.8 mm
1 71 -10 -456 -130 1 0 0 0 1 0 0 0 1 3040b.dat
1 71 10 -456 -130 1 0 0 0 1 0 0 0 1 3040b.dat
1 71 -70 -456 -110 1 0 0 0 1 0 0 0 1 3040b.dat
1 71 70 -456 -110 1 0 0 0 1 0 0 0 1 3040b.dat
1 71 -20 -440 -40 0 0 1 0 1 0 -1 0 0 3035.dat
1 71 40 -440 -110 1 0 0 0 1 0 0 0 1 3023.dat
1 71 -80 -440 -20 0 0 1 0 1 0 -1 0 0 3034.dat
1 71 60 -440 -20 0 0 1 0 1 0 -1 0 0 3035.dat
1 71 -110 -456 -70 0 0 1 0 1 0 -1 0 0 3040b.dat
1 71 110 -456 -70 0 0 -1 0 1 0 1 0 0 3040b.dat
1 71 -110 -440 -40 0 0 1 0 1 0 -1 0 0 3023.dat
1 71 110 -440 -40 0 0 1 0 1 0 -1 0 0 3023.dat
1 71 130 -440 -50 1 0 0 0 1 0 0 0 1 3024.dat
1 71 -130 -456 -10 0 0 1 0 1 0 -1 0 0 3040b.dat
1 71 -110 -440 0 0 0 1 0 1 0 -1 0 0 3023.dat
1 71 110 -440 0 0 0 1 0 1 0 -1 0 0 3023.dat
1 71 130 -456 -10 0 0 -1 0 1 0 1 0 0 3040b.dat
1 71 -130 -456 10 0 0 1 0 1 0 -1 0 0 3040b.dat
1 71 130 -440 10 1 0 0 0 1 0 0 0 1 3024.dat
1 71 -110 -440 40 0 0 1 0 1 0 -1 0 0 3023.dat
1 71 110 -440 40 0 0 1 0 1 0 -1 0 0 3023.dat
1 71 -20 -440 80 1 0 0 0 1 0 0 0 1 3031.dat
1 71 130 -440 50 1 0 0 0 1 0 0 0 1 3024.dat
1 71 -110 -456 70 0 0 1 0 1 0 -1 0 0 3040b.dat
1 71 -90 -440 70 1 0 0 0 1 0 0 0 1 3024.dat
1 71 -70 -440 80 0 0 1 0 1 0 -1 0 0 3023.dat
1 71 40 -440 90 0 0 1 0 1 0 -1 0 0 3021.dat
1 71 70 -440 80 0 0 1 0 1 0 -1 0 0 3023.dat
1 71 100 -440 70 1 0 0 0 1 0 0 0 1 3023.dat
1 71 -90 -456 90 -1 0 0 0 1 0 0 0 -1 3040b.dat
1 71 90 -456 90 -1 0 0 0 1 0 0 0 -1 3040b.dat
1 71 -70 -440 110 1 0 0 0 1 0 0 0 1 3024.dat
1 71 70 -456 110 -1 0 0 0 1 0 0 0 -1 3040b.dat
1 71 -40 -440 130 1 0 0 0 1 0 0 0 1 3023.dat
1 71 0 -440 130 1 0 0 0 1 0 0 0 1 3023.dat
1 71 30 -440 130 1 0 0 0 1 0 0 0 1 3024.dat
0 STEP
0 // Layer bottom 55 plates / 176 mm
1 71 -40 -448 -110 1 0 0 0 1 0 0 0 1 3023.dat
1 71 0 -448 -110 1 0 0 0 1 0 0 0 1 3023.dat
1 71 40 -448 -110 1 0 0 0 1 0 0 0 1 3023.dat
1 71 -20 -448 -80 1 0 0 0 1 0 0 0 1 3034.dat
1 71 80 -448 -80 1 0 0 0 1 0 0 0 1 3022.dat
1 71 -40 -448 -20 1 0 0 0 1 0 0 0 1 3035.dat
1 71 80 -448 -20 1 0 0 0 1 0 0 0 1 3031.dat
1 71 130 -448 -50 1 0 0 0 1 0 0 0 1 3024.dat
1 71 130 -448 10 1 0 0 0 1 0 0 0 1 3024.dat
1 71 -100 -448 40 1 0 0 0 1 0 0 0 1 3022.dat
1 71 0 -448 60 1 0 0 0 1 0 0 0 1 3035.dat
1 71 100 -448 50 0 0 1 0 1 0 -1 0 0 3021.dat
1 71 130 -448 50 1 0 0 0 1 0 0 0 1 3024.dat
1 71 -90 -448 70 1 0 0 0 1 0 0 0 1 3024.dat
1 71 -70 -448 110 1 0 0 0 1 0 0 0 1 3024.dat
1 71 -20 -448 120 1 0 0 0 1 0 0 0 1 3020.dat
1 71 40 -448 110 1 0 0 0 1 0 0 0 1 3023.dat
1 71 30 -448 130 1 0 0 0 1 0 0 0 1 3024.dat
0 STEP
0 // Layer bottom 56 plates / 179.2 mm
1 19 -300 -472 -300 1 0 0 0 1 0 0 0 1 3941.dat
1 19 300 -472 -300 1 0 0 0 1 0 0 0 1 3941.dat
1 71 -20 -456 -40 0 0 1 0 1 0 -1 0 0 3035.dat
1 71 40 -456 -110 1 0 0 0 1 0 0 0 1 3023.dat
1 71 -80 -456 -20 0 0 1 0 1 0 -1 0 0 3034.dat
1 71 60 -456 -20 0 0 1 0 1 0 -1 0 0 3035.dat
1 71 -110 -456 -40 0 0 1 0 1 0 -1 0 0 3023.dat
1 71 110 -456 -50 1 0 0 0 1 0 0 0 1 3024.dat
1 71 110 -456 -20 0 0 1 0 1 0 -1 0 0 3023.dat
1 71 -110 -456 0 0 0 1 0 1 0 -1 0 0 3023.dat
1 71 110 -456 20 0 0 1 0 1 0 -1 0 0 3023.dat
1 71 130 -456 10 1 0 0 0 1 0 0 0 1 3024.dat
1 71 -110 -456 40 0 0 1 0 1 0 -1 0 0 3023.dat
1 71 -40 -456 70 0 0 1 0 1 0 -1 0 0 3021.dat
1 71 0 -456 80 0 0 1 0 1 0 -1 0 0 3020.dat
1 71 110 -456 50 1 0 0 0 1 0 0 0 1 3024.dat
1 71 -80 -456 70 1 0 0 0 1 0 0 0 1 3023.dat
1 71 50 -456 80 1 0 0 0 1 0 0 0 1 3021.dat
1 71 90 -456 70 1 0 0 0 1 0 0 0 1 3024.dat
1 71 -70 -456 90 1 0 0 0 1 0 0 0 1 3024.dat
1 71 -50 -456 110 1 0 0 0 1 0 0 0 1 3024.dat
1 71 -30 -456 110 1 0 0 0 1 0 0 0 1 3024.dat
1 71 30 -456 110 1 0 0 0 1 0 0 0 1 3024.dat
1 71 50 -456 110 1 0 0 0 1 0 0 0 1 3024.dat
1 71 0 -456 130 1 0 0 0 1 0 0 0 1 3023.dat
1 19 -300 -472 300 1 0 0 0 1 0 0 0 1 3941.dat
1 70 300 -472 300 1 0 0 0 1 0 0 0 1 3941.dat
1 71 120 -448 -50 0 0 -1 0 1 0 1 0 0 11477.dat
1 71 120 -448 50 0 0 -1 0 1 0 1 0 0 11477.dat
1 71 100 -448 70 0 0 -1 0 1 0 1 0 0 11477.dat
1 71 -70 -448 100 -1 0 0 0 1 0 0 0 -1 11477.dat
1 71 -50 -448 120 -1 0 0 0 1 0 0 0 -1 11477.dat
1 71 -30 -448 120 -1 0 0 0 1 0 0 0 -1 11477.dat
1 71 30 -448 120 -1 0 0 0 1 0 0 0 -1 11477.dat
0 STEP
0 // Layer bottom 57 plates / 182.4 mm
1 71 0 -464 -100 1 0 0 0 1 0 0 0 1 3020.dat
1 71 -70 -464 -90 1 0 0 0 1 0 0 0 1 3024.dat
1 71 -50 -464 -90 1 0 0 0 1 0 0 0 1 3024.dat
1 71 50 -464 -90 1 0 0 0 1 0 0 0 1 3024.dat
1 71 70 -464 -90 1 0 0 0 1 0 0 0 1 3024.dat
1 71 -90 -464 -70 1 0 0 0 1 0 0 0 1 3024.dat
1 71 0 -464 -60 1 0 0 0 1 0 0 0 1 3034.dat
1 71 90 -464 -70 1 0 0 0 1 0 0 0 1 3024.dat
1 71 -90 -464 -50 1 0 0 0 1 0 0 0 1 3024.dat
1 71 90 -464 -50 1 0 0 0 1 0 0 0 1 3024.dat
1 71 -40 -464 0 1 0 0 0 1 0 0 0 1 3035.dat
1 71 80 -464 -20 1 0 0 0 1 0 0 0 1 3020.dat
1 71 70 -464 20 1 0 0 0 1 0 0 0 1 3021.dat
1 71 110 -464 10 1 0 0 0 1 0 0 0 1 3024.dat
1 71 110 -464 30 1 0 0 0 1 0 0 0 1 3024.dat
1 71 -90 -464 50 1 0 0 0 1 0 0 0 1 3024.dat
1 71 0 -464 60 1 0 0 0 1 0 0 0 1 3034.dat
1 71 90 -464 50 1 0 0 0 1 0 0 0 1 3024.dat
1 71 -90 -464 70 1 0 0 0 1 0 0 0 1 3024.dat
1 71 -40 -464 90 1 0 0 0 1 0 0 0 1 3023.dat
1 71 0 -464 90 1 0 0 0 1 0 0 0 1 3023.dat
1 71 30 -464 90 1 0 0 0 1 0 0 0 1 3024.dat
1 71 50 -464 90 1 0 0 0 1 0 0 0 1 3024.dat
1 71 70 -464 90 1 0 0 0 1 0 0 0 1 3024.dat
1 71 -10 -464 110 1 0 0 0 1 0 0 0 1 3024.dat
1 71 10 -464 110 1 0 0 0 1 0 0 0 1 3024.dat
1 71 -50 -456 -100 1 0 0 0 1 0 0 0 1 11477.dat
1 71 50 -456 -100 1 0 0 0 1 0 0 0 1 11477.dat
1 71 -90 -456 -80 1 0 0 0 1 0 0 0 1 11477.dat
1 71 90 -456 -80 1 0 0 0 1 0 0 0 1 11477.dat
1 71 -100 -456 -50 0 0 1 0 1 0 -1 0 0 11477.dat
1 71 120 -456 10 0 0 -1 0 1 0 1 0 0 11477.dat
1 71 -100 -456 50 0 0 1 0 1 0 -1 0 0 11477.dat
1 71 50 -456 100 -1 0 0 0 1 0 0 0 -1 11477.dat
1 71 -10 -456 120 -1 0 0 0 1 0 0 0 -1 11477.dat
1 71 10 -456 120 -1 0 0 0 1 0 0 0 -1 11477.dat
0 STEP
0 // Layer bottom 58 plates / 185.6 mm
1 71 -30 -472 -90 1 0 0 0 1 0 0 0 1 3024.dat
1 71 -10 -472 -90 1 0 0 0 1 0 0 0 1 3024.dat
1 71 10 -472 -90 1 0 0 0 1 0 0 0 1 3024.dat
1 71 30 -472 -90 1 0 0 0 1 0 0 0 1 3024.dat
1 71 -70 -472 -70 1 0 0 0 1 0 0 0 1 3024.dat
1 71 -50 -472 -70 1 0 0 0 1 0 0 0 1 3024.dat
1 71 0 -472 0 0 0 1 0 1 0 -1 0 0 3035.dat
1 71 50 -472 -60 0 0 1 0 1 0 -1 0 0 3023.dat
1 71 70 -472 -70 1 0 0 0 1 0 0 0 1 3024.dat
1 71 -60 -472 -20 0 0 1 0 1 0 -1 0 0 3020.dat
1 71 70 -472 -50 1 0 0 0 1 0 0 0 1 3024.dat
1 71 -90 -472 -30 1 0 0 0 1 0 0 0 1 3024.dat
1 71 60 -472 0 0 0 1 0 1 0 -1 0 0 3020.dat
1 71 90 -472 -30 1 0 0 0 1 0 0 0 1 3024.dat
1 71 -90 -472 -10 1 0 0 0 1 0 0 0 1 3024.dat
1 71 90 -472 -10 1 0 0 0 1 0 0 0 1 3024.dat
1 71 -90 -472 10 1 0 0 0 1 0 0 0 1 3024.dat
1 71 90 -472 10 1 0 0 0 1 0 0 0 1 3024.dat
1 71 -90 -472 30 1 0 0 0 1 0 0 0 1 3024.dat
1 71 -60 -472 40 1 0 0 0 1 0 0 0 1 3022.dat
1 71 90 -472 30 1 0 0 0 1 0 0 0 1 3024.dat
1 71 50 -472 60 0 0 1 0 1 0 -1 0 0 3023.dat
1 71 70 -472 50 1 0 0 0 1 0 0 0 1 3024.dat
1 71 -70 -472 70 1 0 0 0 1 0 0 0 1 3024.dat
1 71 -50 -472 70 1 0 0 0 1 0 0 0 1 3024.dat
1 71 70 -472 70 1 0 0 0 1 0 0 0 1 3024.dat
1 71 -20 -472 90 1 0 0 0 1 0 0 0 1 3023.dat
1 71 20 -472 90 1 0 0 0 1 0 0 0 1 3023.dat
1 71 -30 -464 -100 1 0 0 0 1 0 0 0 1 11477.dat
1 71 -10 -464 -100 1 0 0 0 1 0 0 0 1 11477.dat
1 71 10 -464 -100 1 0 0 0 1 0 0 0 1 11477.dat
1 71 30 -464 -100 1 0 0 0 1 0 0 0 1 11477.dat
1 71 -70 -464 -80 1 0 0 0 1 0 0 0 1 11477.dat
1 71 70 -464 -80 1 0 0 0 1 0 0 0 1 11477.dat
1 71 80 -464 -50 0 0 -1 0 1 0 1 0 0 11477.dat
1 71 -100 -464 -30 0 0 1 0 1 0 -1 0 0 11477.dat
1 71 100 -464 -30 0 0 -1 0 1 0 1 0 0 11477.dat
1 71 -100 -464 -10 0 0 1 0 1 0 -1 0 0 11477.dat
1 71 100 -464 -10 0 0 -1 0 1 0 1 0 0 11477.dat
1 71 -100 -464 10 0 0 1 0 1 0 -1 0 0 11477.dat
1 71 -100 -464 30 0 0 1 0 1 0 -1 0 0 11477.dat
1 71 100 -464 30 0 0 -1 0 1 0 1 0 0 11477.dat
1 71 80 -464 50 0 0 -1 0 1 0 1 0 0 11477.dat
1 71 -80 -464 70 0 0 1 0 1 0 -1 0 0 11477.dat
1 71 -50 -464 80 -1 0 0 0 1 0 0 0 -1 11477.dat
1 71 70 -464 80 -1 0 0 0 1 0 0 0 -1 11477.dat
0 STEP
0 // Layer bottom 59 plates / 188.8 mm
1 19 -300 -496 -300 1 0 0 0 1 0 0 0 1 3941.dat
1 19 300 -496 -300 1 0 0 0 1 0 0 0 1 3941.dat
1 71 -30 -480 -70 1 0 0 0 1 0 0 0 1 3024.dat
1 71 10 -480 -60 1 0 0 0 1 0 0 0 1 3021.dat
1 71 -50 -480 -50 1 0 0 0 1 0 0 0 1 3024.dat
1 71 -30 -480 -50 1 0 0 0 1 0 0 0 1 3024.dat
1 71 50 -480 -50 1 0 0 0 1 0 0 0 1 3024.dat
1 71 0 -480 -20 1 0 0 0 1 0 0 0 1 3034.dat
1 71 -40 -480 20 1 0 0 0 1 0 0 0 1 3020.dat
1 71 30 -480 20 1 0 0 0 1 0 0 0 1 3021.dat
1 71 70 -480 10 1 0 0 0 1 0 0 0 1 3024.dat
1 71 70 -480 30 1 0 0 0 1 0 0 0 1 3024.dat
1 71 -50 -480 50 1 0 0 0 1 0 0 0 1 3024.dat
1 71 -20 -480 50 1 0 0 0 1 0 0 0 1 3023.dat
1 71 20 -480 50 1 0 0 0 1 0 0 0 1 3023.dat
1 71 50 -480 50 1 0 0 0 1 0 0 0 1 3024.dat
1 71 -30 -480 70 1 0 0 0 1 0 0 0 1 3024.dat
1 71 -10 -480 70 1 0 0 0 1 0 0 0 1 3024.dat
1 71 10 -480 70 1 0 0 0 1 0 0 0 1 3024.dat
1 71 30 -480 70 1 0 0 0 1 0 0 0 1 3024.dat
1 19 -300 -496 300 1 0 0 0 1 0 0 0 1 3941.dat
1 70 300 -496 300 1 0 0 0 1 0 0 0 1 3941.dat
1 71 -40 -472 -70 0 0 1 0 1 0 -1 0 0 11477.dat
1 71 50 -472 -60 1 0 0 0 1 0 0 0 1 11477.dat
1 71 -60 -472 -50 0 0 1 0 1 0 -1 0 0 11477.dat
1 71 80 -472 10 0 0 -1 0 1 0 1 0 0 11477.dat
1 71 -60 -472 50 0 0 1 0 1 0 -1 0 0 11477.dat
1 71 50 -472 60 -1 0 0 0 1 0 0 0 -1 11477.dat
1 71 -30 -472 80 -1 0 0 0 1 0 0 0 -1 11477.dat
1 71 -10 -472 80 -1 0 0 0 1 0 0 0 -1 11477.dat
1 71 10 -472 80 -1 0 0 0 1 0 0 0 -1 11477.dat
1 71 30 -472 80 -1 0 0 0 1 0 0 0 -1 11477.dat
0 STEP
0 // Layer bottom 60 plates / 192 mm
1 71 -10 -488 -50 1 0 0 0 1 0 0 0 1 3024.dat
1 71 10 -488 -50 1 0 0 0 1 0 0 0 1 3024.dat
1 71 30 -488 -50 1 0 0 0 1 0 0 0 1 3024.dat
1 71 -50 -488 -30 1 0 0 0 1 0 0 0 1 3024.dat
1 71 -30 -488 -30 1 0 0 0 1 0 0 0 1 3024.dat
1 71 0 -488 0 0 0 1 0 1 0 -1 0 0 3020.dat
1 71 30 -488 -20 0 0 1 0 1 0 -1 0 0 3023.dat
1 71 50 -488 -30 1 0 0 0 1 0 0 0 1 3024.dat
1 71 -50 -488 -10 1 0 0 0 1 0 0 0 1 3024.dat
1 71 -30 -488 0 0 0 1 0 1 0 -1 0 0 3023.dat
1 71 50 -488 -10 1 0 0 0 1 0 0 0 1 3024.dat
1 71 -50 -488 10 1 0 0 0 1 0 0 0 1 3024.dat
1 71 40 -488 10 1 0 0 0 1 0 0 0 1 3023.dat
1 71 -50 -488 30 1 0 0 0 1 0 0 0 1 3024.dat
1 71 -30 -488 30 1 0 0 0 1 0 0 0 1 3024.dat
1 71 30 -488 30 1 0 0 0 1 0 0 0 1 3024.dat
1 71 50 -488 30 1 0 0 0 1 0 0 0 1 3024.dat
1 71 0 -488 50 1 0 0 0 1 0 0 0 1 3023.dat
1 71 -10 -480 -60 1 0 0 0 1 0 0 0 1 11477.dat
1 71 10 -480 -60 1 0 0 0 1 0 0 0 1 11477.dat
1 71 30 -480 -60 1 0 0 0 1 0 0 0 1 11477.dat
1 71 -30 -480 -40 1 0 0 0 1 0 0 0 1 11477.dat
1 71 -60 -480 -30 0 0 1 0 1 0 -1 0 0 11477.dat
1 71 60 -480 -30 0 0 -1 0 1 0 1 0 0 11477.dat
1 71 -60 -480 -10 0 0 1 0 1 0 -1 0 0 11477.dat
1 71 60 -480 -10 0 0 -1 0 1 0 1 0 0 11477.dat
1 71 -60 -480 10 0 0 1 0 1 0 -1 0 0 11477.dat
1 71 -60 -480 30 0 0 1 0 1 0 -1 0 0 11477.dat
1 71 -30 -480 40 -1 0 0 0 1 0 0 0 -1 11477.dat
1 71 30 -480 40 -1 0 0 0 1 0 0 0 -1 11477.dat
1 71 60 -480 30 0 0 -1 0 1 0 1 0 0 11477.dat
0 STEP
0 // Layer bottom 61 plates / 195.2 mm
1 71 10 -496 -30 1 0 0 0 1 0 0 0 1 3024.dat
1 71 0 -496 0 1 0 0 0 1 0 0 0 1 3022.dat
1 71 30 -496 -10 1 0 0 0 1 0 0 0 1 3024.dat
1 71 -30 -496 10 1 0 0 0 1 0 0 0 1 3024.dat
1 71 30 -496 10 1 0 0 0 1 0 0 0 1 3024.dat
1 71 -10 -496 30 1 0 0 0 1 0 0 0 1 3024.dat
1 71 10 -496 30 1 0 0 0 1 0 0 0 1 3024.dat
1 71 0 -488 -30 0 0 1 0 1 0 -1 0 0 11477.dat
1 71 30 -488 -20 1 0 0 0 1 0 0 0 1 11477.dat
1 71 -30 -488 0 1 0 0 0 1 0 0 0 1 11477.dat
1 71 40 -488 10 0 0 -1 0 1 0 1 0 0 11477.dat
1 71 -10 -488 40 -1 0 0 0 1 0 0 0 -1 11477.dat
1 71 10 -488 40 -1 0 0 0 1 0 0 0 -1 11477.dat
0 STEP
0 // Layer bottom 62 plates / 198.4 mm
1 19 -300 -520 -300 1 0 0 0 1 0 0 0 1 3941.dat
1 19 300 -520 -300 1 0 0 0 1 0 0 0 1 3941.dat
1 71 0 -504 0 1 0 0 0 1 0 0 0 1 87580.dat
1 71 -300 -544 300 1 0 0 0 1 0 0 0 1 3942c.dat
1 70 300 -520 300 1 0 0 0 1 0 0 0 1 3941.dat
0 STEP
0 // Layer bottom 63 plates / 201.6 mm
1 297 0 -528 0 1 0 0 0 1 0 0 0 1 3062b.dat
0 STEP
0 // Layer bottom 65 plates / 208 mm
1 71 -300 -568 -300 1 0 0 0 1 0 0 0 1 3942c.dat
1 71 300 -568 -300 1 0 0 0 1 0 0 0 1 3942c.dat
1 71 300 -568 300 1 0 0 0 1 0 0 0 1 3942c.dat
0 STEP
0 // Layer bottom 66 plates / 211.2 mm
1 297 0 -552 0 1 0 0 0 1 0 0 0 1 4589.dat
0 STEP
0 // Layer bottom 68 plates / 217.6 mm
1 71 -300 -568 300 1 0 0 0 1 0 0 0 1 4589.dat
0 STEP
0 // Layer bottom 71 plates / 227.2 mm
1 71 -300 -592 -300 1 0 0 0 1 0 0 0 1 4589.dat
1 71 300 -592 -300 1 0 0 0 1 0 0 0 1 4589.dat
1 71 300 -592 300 1 0 0 0 1 0 0 0 1 4589.dat
0 STEP
